Measured Density,Observed Temperature,Corresponding Density
0.81,10,0.8065
0.81,10.5,0.8068
0.81,11,0.8072
0.81,11.5,0.8076
0.81,12,0.8079
0.81,12.5,0.8083
0.81,13,0.8086
0.81,13.5,0.809
0.81,14,0.8093
0.81,14.5,0.8097
0.81,15,0.81
0.81,15.5,0.8103
0.81,16,0.8107
0.81,16.5,0.811
0.81,17,0.8114
0.81,17.5,0.8117
0.81,18,0.8121
0.81,18.5,0.8124
0.81,19,0.8128
0.81,19.5,0.8131
0.81,20,0.8135
0.81,20.5,0.8138
0.81,21,0.8142
0.81,21.5,0.8145
0.81,22,0.8148
0.81,22.5,0.8152
0.81,23,0.8155
0.81,23.5,0.8159
0.81,24,0.8162
0.81,24.5,0.8166
0.81,25,0.8169
0.81,25.5,0.8172
0.81,26,0.8176
0.81,26.5,0.8179
0.81,27,0.8183
0.81,27.5,0.8186
0.81,28,0.8189
0.81,28.5,0.8193
0.81,29,0.8196
0.81,29.5,0.82
0.81,30,0.8203
0.81,30.5,0.8206
0.81,31,0.821
0.81,31.5,0.8213
0.81,32,0.8216
0.81,32.5,0.822
0.81,33,0.8223
0.81,33.5,0.8226
0.81,34,0.823
0.81,34.5,0.8233
0.81,35,0.8236
0.81,35.5,0.824
0.81,36,0.8243
0.81,36.5,0.8246
0.81,37,0.825
0.81,37.5,0.8253
0.81,38,0.8256
0.81,38.5,0.826
0.81,39,0.8263
0.81,39.5,0.8266
0.81,40,0.827
0.81,40.5,0.8273
0.81,41,0.8276
0.81,41.5,0.8279
0.81,42,0.8283
0.81,42.5,0.8286
0.81,43,0.8289
0.81,43.5,0.8293
0.81,44,0.8296
0.81,44.5,0.8299
0.81,45,0.8302
0.81,45.5,0.8306
0.81,46,0.8309
0.81,46.5,0.8312
0.81,47,0.8316
0.81,47.5,0.8319
0.81,48,0.8322
0.81,48.5,0.8325
0.81,49,0.8329
0.81,49.5,0.8332
0.81,50,0.8335
0.811,10,0.8075
0.811,10.5,0.8079
0.811,11,0.8082
0.811,11.5,0.8086
0.811,12,0.8089
0.811,12.5,0.8093
0.811,13,0.8096
0.811,13.5,0.81
0.811,14,0.8103
0.811,14.5,0.8107
0.811,15,0.811
0.811,15.5,0.8113
0.811,16,0.8117
0.811,16.5,0.812
0.811,17,0.8124
0.811,17.5,0.8127
0.811,18,0.8131
0.811,18.5,0.8134
0.811,19,0.8138
0.811,19.5,0.8141
0.811,20,0.8145
0.811,20.5,0.8148
0.811,21,0.8152
0.811,21.5,0.8155
0.811,22,0.8158
0.811,22.5,0.8162
0.811,23,0.8165
0.811,23.5,0.8169
0.811,24,0.8172
0.811,24.5,0.8175
0.811,25,0.8179
0.811,25.5,0.8182
0.811,26,0.8186
0.811,26.5,0.8189
0.811,27,0.8192
0.811,27.5,0.8196
0.811,28,0.8199
0.811,28.5,0.8203
0.811,29,0.8206
0.811,29.5,0.8209
0.811,30,0.8213
0.811,30.5,0.8216
0.811,31,0.8219
0.811,31.5,0.8223
0.811,32,0.8226
0.811,32.5,0.823
0.811,33,0.8233
0.811,33.5,0.8236
0.811,34,0.824
0.811,34.5,0.8243
0.811,35,0.8246
0.811,35.5,0.825
0.811,36,0.8253
0.811,36.5,0.8256
0.811,37,0.826
0.811,37.5,0.8263
0.811,38,0.8266
0.811,38.5,0.8269
0.811,39,0.8273
0.811,39.5,0.8276
0.811,40,0.8279
0.811,40.5,0.8283
0.811,41,0.8286
0.811,41.5,0.8289
0.811,42,0.8292
0.811,42.5,0.8296
0.811,43,0.8299
0.811,43.5,0.8302
0.811,44,0.8306
0.811,44.5,0.8309
0.811,45,0.8312
0.811,45.5,0.8316
0.811,46,0.8319
0.811,46.5,0.8322
0.811,47,0.8325
0.811,47.5,0.8329
0.811,48,0.8332
0.811,48.5,0.8335
0.811,49,0.8338
0.811,49.5,0.8342
0.811,50,0.8345
0.812,10,0.8085
0.812,10.5,0.8089
0.812,11,0.8092
0.812,11.5,0.8096
0.812,12,0.8099
0.812,12.5,0.8103
0.812,13,0.8106
0.812,13.5,0.811
0.812,14,0.8113
0.812,14.5,0.8117
0.812,15,0.812
0.812,15.5,0.8123
0.812,16,0.8127
0.812,16.5,0.813
0.812,17,0.8134
0.812,17.5,0.8137
0.812,18,0.8141
0.812,18.5,0.8144
0.812,19,0.8148
0.812,19.5,0.8151
0.812,20,0.8155
0.812,20.5,0.8158
0.812,21,0.8161
0.812,21.5,0.8165
0.812,22,0.8168
0.812,22.5,0.8172
0.812,23,0.8175
0.812,23.5,0.8179
0.812,24,0.8182
0.812,24.5,0.8185
0.812,25,0.8189
0.812,25.5,0.8192
0.812,26,0.8196
0.812,26.5,0.8199
0.812,27,0.8202
0.812,27.5,0.8206
0.812,28,0.8209
0.812,28.5,0.8212
0.812,29,0.8216
0.812,29.5,0.8219
0.812,30,0.8223
0.812,30.5,0.8226
0.812,31,0.8229
0.812,31.5,0.8233
0.812,32,0.8236
0.812,32.5,0.8239
0.812,33,0.8243
0.812,33.5,0.8246
0.812,34,0.8249
0.812,34.5,0.8253
0.812,35,0.8256
0.812,35.5,0.8259
0.812,36,0.8263
0.812,36.5,0.8266
0.812,37,0.8269
0.812,37.5,0.8273
0.812,38,0.8276
0.812,38.5,0.8279
0.812,39,0.8283
0.812,39.5,0.8286
0.812,40,0.8289
0.812,40.5,0.8292
0.812,41,0.8296
0.812,41.5,0.8299
0.812,42,0.8302
0.812,42.5,0.8306
0.812,43,0.8309
0.812,43.5,0.8312
0.812,44,0.8315
0.812,44.5,0.8319
0.812,45,0.8322
0.812,45.5,0.8325
0.812,46,0.8329
0.812,46.5,0.8332
0.812,47,0.8335
0.812,47.5,0.8338
0.812,48,0.8342
0.812,48.5,0.8345
0.812,49,0.8348
0.812,49.5,0.8351
0.812,50,0.8355
0.813,10,0.8095
0.813,10.5,0.8099
0.813,11,0.8102
0.813,11.5,0.8106
0.813,12,0.8109
0.813,12.5,0.8113
0.813,13,0.8116
0.813,13.5,0.812
0.813,14,0.8123
0.813,14.5,0.8127
0.813,15,0.813
0.813,15.5,0.8133
0.813,16,0.8137
0.813,16.5,0.814
0.813,17,0.8144
0.813,17.5,0.8147
0.813,18,0.8151
0.813,18.5,0.8154
0.813,19,0.8158
0.813,19.5,0.8161
0.813,20,0.8165
0.813,20.5,0.8168
0.813,21,0.8172
0.813,21.5,0.8175
0.813,22,0.8178
0.813,22.5,0.8182
0.813,23,0.8185
0.813,23.5,0.8188
0.813,24,0.8192
0.813,24.5,0.8195
0.813,25,0.8199
0.813,25.5,0.8202
0.813,26,0.8205
0.813,26.5,0.8209
0.813,27,0.8212
0.813,27.5,0.8216
0.813,28,0.8219
0.813,28.5,0.8222
0.813,29,0.8226
0.813,29.5,0.8229
0.813,30,0.8232
0.813,30.5,0.8236
0.813,31,0.8239
0.813,31.5,0.8243
0.813,32,0.8246
0.813,32.5,0.8249
0.813,33,0.8253
0.813,33.5,0.8256
0.813,34,0.8259
0.813,34.5,0.8263
0.813,35,0.8266
0.813,35.5,0.8269
0.813,36,0.8272
0.813,36.5,0.8276
0.813,37,0.8279
0.813,37.5,0.8282
0.813,38,0.8286
0.813,38.5,0.8289
0.813,39,0.8292
0.813,39.5,0.8296
0.813,40,0.8299
0.813,40.5,0.8302
0.813,41,0.8305
0.813,41.5,0.8309
0.813,42,0.8312
0.813,42.5,0.8315
0.813,43,0.8319
0.813,43.5,0.8322
0.813,44,0.8325
0.813,44.5,0.8329
0.813,45,0.8332
0.813,45.5,0.8335
0.813,46,0.8338
0.813,46.5,0.8342
0.813,47,0.8345
0.813,47.5,0.8348
0.813,48,0.8351
0.813,48.5,0.8355
0.813,49,0.8358
0.813,49.5,0.8361
0.813,50,0.8364
0.814,10,0.8105
0.814,10.5,0.8109
0.814,11,0.8112
0.814,11.5,0.8116
0.814,12,0.8119
0.814,12.5,0.8123
0.814,13,0.8126
0.814,13.5,0.813
0.814,14,0.8133
0.814,14.5,0.8137
0.814,15,0.814
0.814,15.5,0.8143
0.814,16,0.8147
0.814,16.5,0.815
0.814,17,0.8154
0.814,17.5,0.8157
0.814,18,0.8161
0.814,18.5,0.8164
0.814,19,0.8168
0.814,19.5,0.8171
0.814,20,0.8174
0.814,20.5,0.8178
0.814,21,0.8181
0.814,21.5,0.8185
0.814,22,0.8188
0.814,22.5,0.8192
0.814,23,0.8195
0.814,23.5,0.8198
0.814,24,0.8202
0.814,24.5,0.8205
0.814,25,0.8209
0.814,25.5,0.8212
0.814,26,0.8215
0.814,26.5,0.8219
0.814,27,0.8222
0.814,27.5,0.8225
0.814,28,0.8229
0.814,28.5,0.8232
0.814,29,0.8236
0.814,29.5,0.8239
0.814,30,0.8242
0.814,30.5,0.8246
0.814,31,0.8249
0.814,31.5,0.8252
0.814,32,0.8256
0.814,32.5,0.8259
0.814,33,0.8262
0.814,33.5,0.8266
0.814,34,0.8269
0.814,34.5,0.8272
0.814,35,0.8276
0.814,35.5,0.8279
0.814,36,0.8282
0.814,36.5,0.8286
0.814,37,0.8289
0.814,37.5,0.8292
0.814,38,0.8295
0.814,38.5,0.8299
0.814,39,0.8302
0.814,39.5,0.8305
0.814,40,0.8309
0.814,40.5,0.8312
0.814,41,0.8315
0.814,41.5,0.8319
0.814,42,0.8322
0.814,42.5,0.8325
0.814,43,0.8328
0.814,43.5,0.8332
0.814,44,0.8335
0.814,44.5,0.8338
0.814,45,0.8342
0.814,45.5,0.8345
0.814,46,0.8348
0.814,46.5,0.8351
0.814,47,0.8355
0.814,47.5,0.8358
0.814,48,0.8361
0.814,48.5,0.8364
0.814,49,0.8368
0.814,49.5,0.8371
0.814,50,0.8374
0.815,10,0.8115
0.815,10.5,0.8119
0.815,11,0.8122
0.815,11.5,0.8126
0.815,12,0.8129
0.815,12.5,0.8133
0.815,13,0.8136
0.815,13.5,0.814
0.815,14,0.8143
0.815,14.5,0.8147
0.815,15,0.815
0.815,15.5,0.8153
0.815,16,0.8157
0.815,16.5,0.816
0.815,17,0.8164
0.815,17.5,0.8167
0.815,18,0.8171
0.815,18.5,0.8174
0.815,19,0.8178
0.815,19.5,0.8181
0.815,20,0.8184
0.815,20.5,0.8188
0.815,21,0.8191
0.815,21.5,0.8195
0.815,22,0.8198
0.815,22.5,0.8201
0.815,23,0.8205
0.815,23.5,0.8208
0.815,24,0.8212
0.815,24.5,0.8215
0.815,25,0.8218
0.815,25.5,0.8222
0.815,26,0.8225
0.815,26.5,0.8229
0.815,27,0.8232
0.815,27.5,0.8235
0.815,28,0.8239
0.815,28.5,0.8242
0.815,29,0.8245
0.815,29.5,0.8249
0.815,30,0.8252
0.815,30.5,0.8255
0.815,31,0.8259
0.815,31.5,0.8262
0.815,32,0.8265
0.815,32.5,0.8269
0.815,33,0.8272
0.815,33.5,0.8275
0.815,34,0.8279
0.815,34.5,0.8282
0.815,35,0.8285
0.815,35.5,0.8289
0.815,36,0.8292
0.815,36.5,0.8295
0.815,37,0.8299
0.815,37.5,0.8302
0.815,38,0.8305
0.815,38.5,0.8309
0.815,39,0.8312
0.815,39.5,0.8315
0.815,40,0.8319
0.815,40.5,0.8322
0.815,41,0.8325
0.815,41.5,0.8328
0.815,42,0.8332
0.815,42.5,0.8335
0.815,43,0.8338
0.815,43.5,0.8342
0.815,44,0.8345
0.815,44.5,0.8348
0.815,45,0.8351
0.815,45.5,0.8355
0.815,46,0.8358
0.815,46.5,0.8361
0.815,47,0.8364
0.815,47.5,0.8368
0.815,48,0.8371
0.815,48.5,0.8374
0.815,49,0.8377
0.815,49.5,0.8381
0.815,50,0.8384
0.816,10,0.8125
0.816,10.5,0.8129
0.816,11,0.8132
0.816,11.5,0.8136
0.816,12,0.8139
0.816,12.5,0.8143
0.816,13,0.8146
0.816,13.5,0.815
0.816,14,0.8153
0.816,14.5,0.8157
0.816,15,0.816
0.816,15.5,0.8163
0.816,16,0.8167
0.816,16.5,0.817
0.816,17,0.8174
0.816,17.5,0.8177
0.816,18,0.8181
0.816,18.5,0.8184
0.816,19,0.8188
0.816,19.5,0.8191
0.816,20,0.8194
0.816,20.5,0.8198
0.816,21,0.8201
0.816,21.5,0.8205
0.816,22,0.8208
0.816,22.5,0.8211
0.816,23,0.8215
0.816,23.5,0.8218
0.816,24,0.8222
0.816,24.5,0.8225
0.816,25,0.8228
0.816,25.5,0.8232
0.816,26,0.8235
0.816,26.5,0.8238
0.816,27,0.8242
0.816,27.5,0.8245
0.816,28,0.8249
0.816,28.5,0.8252
0.816,29,0.8255
0.816,29.5,0.8259
0.816,30,0.8262
0.816,30.5,0.8265
0.816,31,0.8269
0.816,31.5,0.8272
0.816,32,0.8275
0.816,32.5,0.8279
0.816,33,0.8282
0.816,33.5,0.8285
0.816,34,0.8289
0.816,34.5,0.8292
0.816,35,0.8295
0.816,35.5,0.8299
0.816,36,0.8302
0.816,36.5,0.8305
0.816,37,0.8308
0.816,37.5,0.8312
0.816,38,0.8315
0.816,38.5,0.8318
0.816,39,0.8322
0.816,39.5,0.8325
0.816,40,0.8328
0.816,40.5,0.8332
0.816,41,0.8335
0.816,41.5,0.8338
0.816,42,0.8341
0.816,42.5,0.8345
0.816,43,0.8348
0.816,43.5,0.8351
0.816,44,0.8355
0.816,44.5,0.8358
0.816,45,0.8361
0.816,45.5,0.8364
0.816,46,0.8368
0.816,46.5,0.8371
0.816,47,0.8374
0.816,47.5,0.8377
0.816,48,0.8381
0.816,48.5,0.8384
0.816,49,0.8387
0.816,49.5,0.839
0.816,50,0.8394
0.817,10,0.8135
0.817,10.5,0.8139
0.817,11,0.8143
0.817,11.5,0.8146
0.817,12,0.8149
0.817,12.5,0.8153
0.817,13,0.8156
0.817,13.5,0.816
0.817,14,0.8163
0.817,14.5,0.8167
0.817,15,0.817
0.817,15.5,0.8173
0.817,16,0.8177
0.817,16.5,0.818
0.817,17,0.8184
0.817,17.5,0.8187
0.817,18,0.8191
0.817,18.5,0.8194
0.817,19,0.8197
0.817,19.5,0.8201
0.817,20,0.8204
0.817,20.5,0.8208
0.817,21,0.8211
0.817,21.5,0.8215
0.817,22,0.8218
0.817,22.5,0.8221
0.817,23,0.8225
0.817,23.5,0.8228
0.817,24,0.8232
0.817,24.5,0.8235
0.817,25,0.8238
0.817,25.5,0.8242
0.817,26,0.8245
0.817,26.5,0.8248
0.817,27,0.8252
0.817,27.5,0.8255
0.817,28,0.8258
0.817,28.5,0.8262
0.817,29,0.8265
0.817,29.5,0.8268
0.817,30,0.8272
0.817,30.5,0.8275
0.817,31,0.8278
0.817,31.5,0.8282
0.817,32,0.8285
0.817,32.5,0.8288
0.817,33,0.8292
0.817,33.5,0.8295
0.817,34,0.8298
0.817,34.5,0.8302
0.817,35,0.8305
0.817,35.5,0.8308
0.817,36,0.8312
0.817,36.5,0.8315
0.817,37,0.8318
0.817,37.5,0.8322
0.817,38,0.8325
0.817,38.5,0.8328
0.817,39,0.8332
0.817,39.5,0.8335
0.817,40,0.8338
0.817,40.5,0.8341
0.817,41,0.8345
0.817,41.5,0.8348
0.817,42,0.8351
0.817,42.5,0.8355
0.817,43,0.8358
0.817,43.5,0.8361
0.817,44,0.8364
0.817,44.5,0.8368
0.817,45,0.8371
0.817,45.5,0.8374
0.817,46,0.8377
0.817,46.5,0.8381
0.817,47,0.8384
0.817,47.5,0.8387
0.817,48,0.839
0.817,48.5,0.8394
0.817,49,0.8397
0.817,49.5,0.84
0.817,50,0.8403
0.818,10,0.8145
0.818,10.5,0.8149
0.818,11,0.8152
0.818,11.5,0.8156
0.818,12,0.8159
0.818,12.5,0.8163
0.818,13,0.8166
0.818,13.5,0.817
0.818,14,0.8173
0.818,14.5,0.8177
0.818,15,0.818
0.818,15.5,0.8183
0.818,16,0.8187
0.818,16.5,0.819
0.818,17,0.8194
0.818,17.5,0.8197
0.818,18,0.8201
0.818,18.5,0.8204
0.818,19,0.8207
0.818,19.5,0.8211
0.818,20,0.8214
0.818,20.5,0.8218
0.818,21,0.8221
0.818,21.5,0.8224
0.818,22,0.8228
0.818,22.5,0.8231
0.818,23,0.8235
0.818,23.5,0.8238
0.818,24,0.8241
0.818,24.5,0.8245
0.818,25,0.8248
0.818,25.5,0.8252
0.818,26,0.8255
0.818,26.5,0.8258
0.818,27,0.8262
0.818,27.5,0.8265
0.818,28,0.8268
0.818,28.5,0.8272
0.818,29,0.8275
0.818,29.5,0.8278
0.818,30,0.8282
0.818,30.5,0.8285
0.818,31,0.8288
0.818,31.5,0.8292
0.818,32,0.8295
0.818,32.5,0.8298
0.818,33,0.8302
0.818,33.5,0.8305
0.818,34,0.8308
0.818,34.5,0.8312
0.818,35,0.8315
0.818,35.5,0.8318
0.818,36,0.8322
0.818,36.5,0.8325
0.818,37,0.8328
0.818,37.5,0.8331
0.818,38,0.8335
0.818,38.5,0.8338
0.818,39,0.8341
0.818,39.5,0.8345
0.818,40,0.8348
0.818,40.5,0.8351
0.818,41,0.8354
0.818,41.5,0.8358
0.818,42,0.8361
0.818,42.5,0.8364
0.818,43,0.8368
0.818,43.5,0.8371
0.818,44,0.8374
0.818,44.5,0.8377
0.818,45,0.8381
0.818,45.5,0.8384
0.818,46,0.8387
0.818,46.5,0.839
0.818,47,0.8394
0.818,47.5,0.8397
0.818,48,0.84
0.818,48.5,0.8403
0.818,49,0.8407
0.818,49.5,0.841
0.818,50,0.8413
0.819,10,0.8155
0.819,10.5,0.8159
0.819,11,0.8162
0.819,11.5,0.8166
0.819,12,0.8169
0.819,12.5,0.8173
0.819,13,0.8176
0.819,13.5,0.818
0.819,14,0.8183
0.819,14.5,0.8187
0.819,15,0.819
0.819,15.5,0.8193
0.819,16,0.8197
0.819,16.5,0.82
0.819,17,0.8204
0.819,17.5,0.8207
0.819,18,0.8211
0.819,18.5,0.8214
0.819,19,0.8217
0.819,19.5,0.8221
0.819,20,0.8224
0.819,20.5,0.8228
0.819,21,0.8231
0.819,21.5,0.8234
0.819,22,0.8238
0.819,22.5,0.8241
0.819,23,0.8245
0.819,23.5,0.8248
0.819,24,0.8251
0.819,24.5,0.8255
0.819,25,0.8258
0.819,25.5,0.8261
0.819,26,0.8265
0.819,26.5,0.8268
0.819,27,0.8271
0.819,27.5,0.8275
0.819,28,0.8278
0.819,28.5,0.8282
0.819,29,0.8285
0.819,29.5,0.8288
0.819,30,0.8292
0.819,30.5,0.8295
0.819,31,0.8298
0.819,31.5,0.8302
0.819,32,0.8305
0.819,32.5,0.8308
0.819,33,0.8312
0.819,33.5,0.8315
0.819,34,0.8318
0.819,34.5,0.8321
0.819,35,0.8325
0.819,35.5,0.8328
0.819,36,0.8331
0.819,36.5,0.8335
0.819,37,0.8338
0.819,37.5,0.8341
0.819,38,0.8345
0.819,38.5,0.8348
0.819,39,0.8351
0.819,39.5,0.8354
0.819,40,0.8358
0.819,40.5,0.8361
0.819,41,0.8364
0.819,41.5,0.8368
0.819,42,0.8371
0.819,42.5,0.8374
0.819,43,0.8377
0.819,43.5,0.8381
0.819,44,0.8384
0.819,44.5,0.8387
0.819,45,0.839
0.819,45.5,0.8394
0.819,46,0.8397
0.819,46.5,0.84
0.819,47,0.8403
0.819,47.5,0.8407
0.819,48,0.841
0.819,48.5,0.8413
0.819,49,0.8416
0.819,49.5,0.8419
0.819,50,0.8423
0.82,10,0.8165
0.82,10.5,0.8169
0.82,11,0.8172
0.82,11.5,0.8176
0.82,12,0.8179
0.82,12.5,0.8183
0.82,13,0.8186
0.82,13.5,0.819
0.82,14,0.8193
0.82,14.5,0.8197
0.82,15,0.82
0.82,15.5,0.8203
0.82,16,0.8207
0.82,16.5,0.821
0.82,17,0.8214
0.82,17.5,0.8217
0.82,18,0.8221
0.82,18.5,0.8224
0.82,19,0.8227
0.82,19.5,0.8231
0.82,20,0.8234
0.82,20.5,0.8238
0.82,21,0.8241
0.82,21.5,0.8244
0.82,22,0.8248
0.82,22.5,0.8251
0.82,23,0.8254
0.82,23.5,0.8258
0.82,24,0.8261
0.82,24.5,0.8265
0.82,25,0.8268
0.82,25.5,0.8271
0.82,26,0.8275
0.82,26.5,0.8278
0.82,27,0.8281
0.82,27.5,0.8285
0.82,28,0.8288
0.82,28.5,0.8291
0.82,29,0.8295
0.82,29.5,0.8298
0.82,30,0.8301
0.82,30.5,0.8305
0.82,31,0.8308
0.82,31.5,0.8311
0.82,32,0.8315
0.82,32.5,0.8318
0.82,33,0.8321
0.82,33.5,0.8325
0.82,34,0.8328
0.82,34.5,0.8331
0.82,35,0.8335
0.82,35.5,0.8338
0.82,36,0.8341
0.82,36.5,0.8345
0.82,37,0.8348
0.82,37.5,0.8351
0.82,38,0.8354
0.82,38.5,0.8358
0.82,39,0.8361
0.82,39.5,0.8364
0.82,40,0.8368
0.82,40.5,0.8371
0.82,41,0.8374
0.82,41.5,0.8377
0.82,42,0.8381
0.82,42.5,0.8384
0.82,43,0.8387
0.82,43.5,0.839
0.82,44,0.8394
0.82,44.5,0.8397
0.82,45,0.84
0.82,45.5,0.8403
0.82,46,0.8407
0.82,46.5,0.841
0.82,47,0.8413
0.82,47.5,0.8416
0.82,48,0.842
0.82,48.5,0.8423
0.82,49,0.8426
0.82,49.5,0.8429
0.82,50,0.8432
0.821,10,0.8176
0.821,10.5,0.8179
0.821,11,0.8182
0.821,11.5,0.8186
0.821,12,0.8189
0.821,12.5,0.8193
0.821,13,0.8196
0.821,13.5,0.82
0.821,14,0.8203
0.821,14.5,0.8207
0.821,15,0.821
0.821,15.5,0.8213
0.821,16,0.8217
0.821,16.5,0.822
0.821,17,0.8224
0.821,17.5,0.8227
0.821,18,0.8231
0.821,18.5,0.8234
0.821,19,0.8237
0.821,19.5,0.8241
0.821,20,0.8244
0.821,20.5,0.8248
0.821,21,0.8251
0.821,21.5,0.8254
0.821,22,0.8258
0.821,22.5,0.8261
0.821,23,0.8264
0.821,23.5,0.8268
0.821,24,0.8271
0.821,24.5,0.8274
0.821,25,0.8278
0.821,25.5,0.8281
0.821,26,0.8285
0.821,26.5,0.8288
0.821,27,0.8291
0.821,27.5,0.8295
0.821,28,0.8298
0.821,28.5,0.8301
0.821,29,0.8305
0.821,29.5,0.8308
0.821,30,0.8311
0.821,30.5,0.8315
0.821,31,0.8318
0.821,31.5,0.8321
0.821,32,0.8325
0.821,32.5,0.8328
0.821,33,0.8331
0.821,33.5,0.8335
0.821,34,0.8338
0.821,34.5,0.8341
0.821,35,0.8344
0.821,35.5,0.8348
0.821,36,0.8351
0.821,36.5,0.8354
0.821,37,0.8358
0.821,37.5,0.8361
0.821,38,0.8364
0.821,38.5,0.8368
0.821,39,0.8371
0.821,39.5,0.8374
0.821,40,0.8377
0.821,40.5,0.8381
0.821,41,0.8384
0.821,41.5,0.8387
0.821,42,0.839
0.821,42.5,0.8394
0.821,43,0.8397
0.821,43.5,0.84
0.821,44,0.8403
0.821,44.5,0.8407
0.821,45,0.841
0.821,45.5,0.8413
0.821,46,0.8416
0.821,46.5,0.842
0.821,47,0.8423
0.821,47.5,0.8426
0.821,48,0.8429
0.821,48.5,0.8433
0.821,49,0.8436
0.821,49.5,0.8439
0.821,50,0.8442
0.822,10,0.8186
0.822,10.5,0.8189
0.822,11,0.8192
0.822,11.5,0.8196
0.822,12,0.8199
0.822,12.5,0.8203
0.822,13,0.8206
0.822,13.5,0.821
0.822,14,0.8213
0.822,14.5,0.8217
0.822,15,0.822
0.822,15.5,0.8223
0.822,16,0.8227
0.822,16.5,0.823
0.822,17,0.8234
0.822,17.5,0.8237
0.822,18,0.824
0.822,18.5,0.8244
0.822,19,0.8247
0.822,19.5,0.8251
0.822,20,0.8254
0.822,20.5,0.8257
0.822,21,0.8261
0.822,21.5,0.8264
0.822,22,0.8268
0.822,22.5,0.8271
0.822,23,0.8274
0.822,23.5,0.8278
0.822,24,0.8281
0.822,24.5,0.8284
0.822,25,0.8288
0.822,25.5,0.8291
0.822,26,0.8294
0.822,26.5,0.8298
0.822,27,0.8301
0.822,27.5,0.8304
0.822,28,0.8308
0.822,28.5,0.8311
0.822,29,0.8315
0.822,29.5,0.8318
0.822,30,0.8321
0.822,30.5,0.8324
0.822,31,0.8328
0.822,31.5,0.8331
0.822,32,0.8334
0.822,32.5,0.8338
0.822,33,0.8341
0.822,33.5,0.8344
0.822,34,0.8348
0.822,34.5,0.8351
0.822,35,0.8354
0.822,35.5,0.8358
0.822,36,0.8361
0.822,36.5,0.8364
0.822,37,0.8367
0.822,37.5,0.8371
0.822,38,0.8374
0.822,38.5,0.8377
0.822,39,0.8381
0.822,39.5,0.8384
0.822,40,0.8387
0.822,40.5,0.839
0.822,41,0.8394
0.822,41.5,0.8397
0.822,42,0.84
0.822,42.5,0.8403
0.822,43,0.8407
0.822,43.5,0.841
0.822,44,0.8413
0.822,44.5,0.8416
0.822,45,0.842
0.822,45.5,0.8423
0.822,46,0.8426
0.822,46.5,0.8429
0.822,47,0.8433
0.822,47.5,0.8436
0.822,48,0.8439
0.822,48.5,0.8442
0.822,49,0.8445
0.822,49.5,0.8449
0.822,50,0.8452
0.823,10,0.8196
0.823,10.5,0.8199
0.823,11,0.8203
0.823,11.5,0.8206
0.823,12,0.8209
0.823,12.5,0.8213
0.823,13,0.8216
0.823,13.5,0.822
0.823,14,0.8223
0.823,14.5,0.8227
0.823,15,0.823
0.823,15.5,0.8233
0.823,16,0.8237
0.823,16.5,0.824
0.823,17,0.8244
0.823,17.5,0.8247
0.823,18,0.825
0.823,18.5,0.8254
0.823,19,0.8257
0.823,19.5,0.8261
0.823,20,0.8264
0.823,20.5,0.8267
0.823,21,0.8271
0.823,21.5,0.8274
0.823,22,0.8278
0.823,22.5,0.8281
0.823,23,0.8284
0.823,23.5,0.8288
0.823,24,0.8291
0.823,24.5,0.8294
0.823,25,0.8298
0.823,25.5,0.8301
0.823,26,0.8304
0.823,26.5,0.8308
0.823,27,0.8311
0.823,27.5,0.8314
0.823,28,0.8318
0.823,28.5,0.8321
0.823,29,0.8324
0.823,29.5,0.8328
0.823,30,0.8331
0.823,30.5,0.8334
0.823,31,0.8338
0.823,31.5,0.8341
0.823,32,0.8344
0.823,32.5,0.8348
0.823,33,0.8351
0.823,33.5,0.8354
0.823,34,0.8358
0.823,34.5,0.8361
0.823,35,0.8364
0.823,35.5,0.8367
0.823,36,0.8371
0.823,36.5,0.8374
0.823,37,0.8377
0.823,37.5,0.8381
0.823,38,0.8384
0.823,38.5,0.8387
0.823,39,0.839
0.823,39.5,0.8394
0.823,40,0.8397
0.823,40.5,0.84
0.823,41,0.8403
0.823,41.5,0.8407
0.823,42,0.841
0.823,42.5,0.8413
0.823,43,0.8416
0.823,43.5,0.842
0.823,44,0.8423
0.823,44.5,0.8426
0.823,45,0.8429
0.823,45.5,0.8433
0.823,46,0.8436
0.823,46.5,0.8439
0.823,47,0.8442
0.823,47.5,0.8446
0.823,48,0.8449
0.823,48.5,0.8452
0.823,49,0.8455
0.823,49.5,0.8458
0.823,50,0.8462
0.824,10,0.8206
0.824,10.5,0.8209
0.824,11,0.8213
0.824,11.5,0.8216
0.824,12,0.8219
0.824,12.5,0.8223
0.824,13,0.8226
0.824,13.5,0.823
0.824,14,0.8233
0.824,14.5,0.8237
0.824,15,0.824
0.824,15.5,0.8243
0.824,16,0.8247
0.824,16.5,0.825
0.824,17,0.8254
0.824,17.5,0.8257
0.824,18,0.826
0.824,18.5,0.8264
0.824,19,0.8267
0.824,19.5,0.8271
0.824,20,0.8274
0.824,20.5,0.8277
0.824,21,0.8281
0.824,21.5,0.8284
0.824,22,0.8287
0.824,22.5,0.8291
0.824,23,0.8294
0.824,23.5,0.8298
0.824,24,0.8301
0.824,24.5,0.8304
0.824,25,0.8308
0.824,25.5,0.8311
0.824,26,0.8314
0.824,26.5,0.8318
0.824,27,0.8321
0.824,27.5,0.8324
0.824,28,0.8328
0.824,28.5,0.8331
0.824,29,0.8334
0.824,29.5,0.8338
0.824,30,0.8341
0.824,30.5,0.8344
0.824,31,0.8348
0.824,31.5,0.8351
0.824,32,0.8354
0.824,32.5,0.8358
0.824,33,0.8361
0.824,33.5,0.8364
0.824,34,0.8367
0.824,34.5,0.8371
0.824,35,0.8374
0.824,35.5,0.8377
0.824,36,0.8381
0.824,36.5,0.8384
0.824,37,0.8387
0.824,37.5,0.839
0.824,38,0.8394
0.824,38.5,0.8397
0.824,39,0.84
0.824,39.5,0.8403
0.824,40,0.8407
0.824,40.5,0.841
0.824,41,0.8413
0.824,41.5,0.8417
0.824,42,0.842
0.824,42.5,0.8423
0.824,43,0.8426
0.824,43.5,0.843
0.824,44,0.8433
0.824,44.5,0.8436
0.824,45,0.8439
0.824,45.5,0.8442
0.824,46,0.8446
0.824,46.5,0.8449
0.824,47,0.8452
0.824,47.5,0.8455
0.824,48,0.8459
0.824,48.5,0.8462
0.824,49,0.8465
0.824,49.5,0.8468
0.824,50,0.8471
0.825,10,0.8216
0.825,10.5,0.8219
0.825,11,0.8223
0.825,11.5,0.8226
0.825,12,0.8229
0.825,12.5,0.8233
0.825,13,0.8236
0.825,13.5,0.824
0.825,14,0.8243
0.825,14.5,0.8247
0.825,15,0.825
0.825,15.5,0.8253
0.825,16,0.8257
0.825,16.5,0.826
0.825,17,0.8264
0.825,17.5,0.8267
0.825,18,0.827
0.825,18.5,0.8274
0.825,19,0.8277
0.825,19.5,0.8281
0.825,20,0.8284
0.825,20.5,0.8287
0.825,21,0.8291
0.825,21.5,0.8294
0.825,22,0.8297
0.825,22.5,0.8301
0.825,23,0.8304
0.825,23.5,0.8307
0.825,24,0.8311
0.825,24.5,0.8314
0.825,25,0.8318
0.825,25.5,0.8321
0.825,26,0.8324
0.825,26.5,0.8328
0.825,27,0.8331
0.825,27.5,0.8334
0.825,28,0.8338
0.825,28.5,0.8341
0.825,29,0.8344
0.825,29.5,0.8348
0.825,30,0.8351
0.825,30.5,0.8354
0.825,31,0.8357
0.825,31.5,0.8361
0.825,32,0.8364
0.825,32.5,0.8367
0.825,33,0.8371
0.825,33.5,0.8374
0.825,34,0.8377
0.825,34.5,0.8381
0.825,35,0.8384
0.825,35.5,0.8387
0.825,36,0.839
0.825,36.5,0.8394
0.825,37,0.8397
0.825,37.5,0.84
0.825,38,0.8404
0.825,38.5,0.8407
0.825,39,0.841
0.825,39.5,0.8413
0.825,40,0.8417
0.825,40.5,0.842
0.825,41,0.8423
0.825,41.5,0.8426
0.825,42,0.843
0.825,42.5,0.8433
0.825,43,0.8436
0.825,43.5,0.8439
0.825,44,0.8443
0.825,44.5,0.8446
0.825,45,0.8449
0.825,45.5,0.8452
0.825,46,0.8455
0.825,46.5,0.8459
0.825,47,0.8462
0.825,47.5,0.8465
0.825,48,0.8468
0.825,48.5,0.8471
0.825,49,0.8475
0.825,49.5,0.8478
0.825,50,0.8481
0.826,10,0.8226
0.826,10.5,0.8229
0.826,11,0.8233
0.826,11.5,0.8236
0.826,12,0.824
0.826,12.5,0.8243
0.826,13,0.8246
0.826,13.5,0.825
0.826,14,0.8253
0.826,14.5,0.8257
0.826,15,0.826
0.826,15.5,0.8263
0.826,16,0.8267
0.826,16.5,0.827
0.826,17,0.8274
0.826,17.5,0.8277
0.826,18,0.828
0.826,18.5,0.8284
0.826,19,0.8287
0.826,19.5,0.829
0.826,20,0.8294
0.826,20.5,0.8297
0.826,21,0.8301
0.826,21.5,0.8304
0.826,22,0.8307
0.826,22.5,0.8311
0.826,23,0.8314
0.826,23.5,0.8317
0.826,24,0.8321
0.826,24.5,0.8324
0.826,25,0.8327
0.826,25.5,0.8331
0.826,26,0.8334
0.826,26.5,0.8337
0.826,27,0.8341
0.826,27.5,0.8344
0.826,28,0.8347
0.826,28.5,0.8351
0.826,29,0.8354
0.826,29.5,0.8357
0.826,30,0.8361
0.826,30.5,0.8364
0.826,31,0.8367
0.826,31.5,0.8371
0.826,32,0.8374
0.826,32.5,0.8377
0.826,33,0.8381
0.826,33.5,0.8384
0.826,34,0.8387
0.826,34.5,0.839
0.826,35,0.8394
0.826,35.5,0.8397
0.826,36,0.84
0.826,36.5,0.8404
0.826,37,0.8407
0.826,37.5,0.841
0.826,38,0.8413
0.826,38.5,0.8417
0.826,39,0.842
0.826,39.5,0.8423
0.826,40,0.8426
0.826,40.5,0.843
0.826,41,0.8433
0.826,41.5,0.8436
0.826,42,0.8439
0.826,42.5,0.8443
0.826,43,0.8446
0.826,43.5,0.8449
0.826,44,0.8452
0.826,44.5,0.8456
0.826,45,0.8459
0.826,45.5,0.8462
0.826,46,0.8465
0.826,46.5,0.8468
0.826,47,0.8472
0.826,47.5,0.8475
0.826,48,0.8478
0.826,48.5,0.8481
0.826,49,0.8484
0.826,49.5,0.8488
0.826,50,0.8491
0.827,10,0.8236
0.827,10.5,0.8239
0.827,11,0.8243
0.827,11.5,0.8246
0.827,12,0.825
0.827,12.5,0.8253
0.827,13,0.8256
0.827,13.5,0.826
0.827,14,0.8263
0.827,14.5,0.8267
0.827,15,0.827
0.827,15.5,0.8273
0.827,16,0.8277
0.827,16.5,0.828
0.827,17,0.8284
0.827,17.5,0.8287
0.827,18,0.829
0.827,18.5,0.8294
0.827,19,0.8297
0.827,19.5,0.83
0.827,20,0.8304
0.827,20.5,0.8307
0.827,21,0.8311
0.827,21.5,0.8314
0.827,22,0.8317
0.827,22.5,0.8321
0.827,23,0.8324
0.827,23.5,0.8327
0.827,24,0.8331
0.827,24.5,0.8334
0.827,25,0.8337
0.827,25.5,0.8341
0.827,26,0.8344
0.827,26.5,0.8347
0.827,27,0.8351
0.827,27.5,0.8354
0.827,28,0.8357
0.827,28.5,0.8361
0.827,29,0.8364
0.827,29.5,0.8367
0.827,30,0.8371
0.827,30.5,0.8374
0.827,31,0.8377
0.827,31.5,0.8381
0.827,32,0.8384
0.827,32.5,0.8387
0.827,33,0.839
0.827,33.5,0.8394
0.827,34,0.8397
0.827,34.5,0.84
0.827,35,0.8404
0.827,35.5,0.8407
0.827,36,0.841
0.827,36.5,0.8413
0.827,37,0.8417
0.827,37.5,0.842
0.827,38,0.8423
0.827,38.5,0.8426
0.827,39,0.843
0.827,39.5,0.8433
0.827,40,0.8436
0.827,40.5,0.8439
0.827,41,0.8443
0.827,41.5,0.8446
0.827,42,0.8449
0.827,42.5,0.8452
0.827,43,0.8456
0.827,43.5,0.8459
0.827,44,0.8462
0.827,44.5,0.8465
0.827,45,0.8469
0.827,45.5,0.8472
0.827,46,0.8475
0.827,46.5,0.8478
0.827,47,0.8481
0.827,47.5,0.8485
0.827,48,0.8488
0.827,48.5,0.8491
0.827,49,0.8494
0.827,49.5,0.8497
0.827,50,0.85
0.828,10,0.8246
0.828,10.5,0.8249
0.828,11,0.8253
0.828,11.5,0.8256
0.828,12,0.826
0.828,12.5,0.8263
0.828,13,0.8266
0.828,13.5,0.827
0.828,14,0.8273
0.828,14.5,0.8277
0.828,15,0.828
0.828,15.5,0.8283
0.828,16,0.8287
0.828,16.5,0.829
0.828,17,0.8294
0.828,17.5,0.8297
0.828,18,0.83
0.828,18.5,0.8304
0.828,19,0.8307
0.828,19.5,0.831
0.828,20,0.8314
0.828,20.5,0.8317
0.828,21,0.8321
0.828,21.5,0.8324
0.828,22,0.8327
0.828,22.5,0.8331
0.828,23,0.8334
0.828,23.5,0.8337
0.828,24,0.8341
0.828,24.5,0.8344
0.828,25,0.8347
0.828,25.5,0.8351
0.828,26,0.8354
0.828,26.5,0.8357
0.828,27,0.8361
0.828,27.5,0.8364
0.828,28,0.8367
0.828,28.5,0.8371
0.828,29,0.8374
0.828,29.5,0.8377
0.828,30,0.838
0.828,30.5,0.8384
0.828,31,0.8387
0.828,31.5,0.839
0.828,32,0.8394
0.828,32.5,0.8397
0.828,33,0.84
0.828,33.5,0.8404
0.828,34,0.8407
0.828,34.5,0.841
0.828,35,0.8413
0.828,35.5,0.8417
0.828,36,0.842
0.828,36.5,0.8423
0.828,37,0.8426
0.828,37.5,0.843
0.828,38,0.8433
0.828,38.5,0.8436
0.828,39,0.8439
0.828,39.5,0.8443
0.828,40,0.8446
0.828,40.5,0.8449
0.828,41,0.8452
0.828,41.5,0.8456
0.828,42,0.8459
0.828,42.5,0.8462
0.828,43,0.8465
0.828,43.5,0.8469
0.828,44,0.8472
0.828,44.5,0.8475
0.828,45,0.8478
0.828,45.5,0.8481
0.828,46,0.8485
0.828,46.5,0.8488
0.828,47,0.8491
0.828,47.5,0.8494
0.828,48,0.8497
0.828,48.5,0.8501
0.828,49,0.8504
0.828,49.5,0.8507
0.828,50,0.851
0.829,10,0.8256
0.829,10.5,0.8259
0.829,11,0.8263
0.829,11.5,0.8266
0.829,12,0.827
0.829,12.5,0.8273
0.829,13,0.8276
0.829,13.5,0.828
0.829,14,0.8283
0.829,14.5,0.8287
0.829,15,0.829
0.829,15.5,0.8293
0.829,16,0.8297
0.829,16.5,0.83
0.829,17,0.8304
0.829,17.5,0.8307
0.829,18,0.831
0.829,18.5,0.8314
0.829,19,0.8317
0.829,19.5,0.832
0.829,20,0.8324
0.829,20.5,0.8327
0.829,21,0.833
0.829,21.5,0.8334
0.829,22,0.8337
0.829,22.5,0.8341
0.829,23,0.8344
0.829,23.5,0.8347
0.829,24,0.8351
0.829,24.5,0.8354
0.829,25,0.8357
0.829,25.5,0.8361
0.829,26,0.8364
0.829,26.5,0.8367
0.829,27,0.8371
0.829,27.5,0.8374
0.829,28,0.8377
0.829,28.5,0.838
0.829,29,0.8384
0.829,29.5,0.8387
0.829,30,0.839
0.829,30.5,0.8394
0.829,31,0.8397
0.829,31.5,0.84
0.829,32,0.8404
0.829,32.5,0.8407
0.829,33,0.841
0.829,33.5,0.8413
0.829,34,0.8417
0.829,34.5,0.842
0.829,35,0.8423
0.829,35.5,0.8427
0.829,36,0.843
0.829,36.5,0.8433
0.829,37,0.8436
0.829,37.5,0.844
0.829,38,0.8443
0.829,38.5,0.8446
0.829,39,0.8449
0.829,39.5,0.8453
0.829,40,0.8456
0.829,40.5,0.8459
0.829,41,0.8462
0.829,41.5,0.8465
0.829,42,0.8469
0.829,42.5,0.8472
0.829,43,0.8475
0.829,43.5,0.8478
0.829,44,0.8482
0.829,44.5,0.8485
0.829,45,0.8488
0.829,45.5,0.8491
0.829,46,0.8494
0.829,46.5,0.8498
0.829,47,0.8501
0.829,47.5,0.8504
0.829,48,0.8507
0.829,48.5,0.851
0.829,49,0.8514
0.829,49.5,0.8517
0.829,50,0.852
0.83,10,0.8266
0.83,10.5,0.8269
0.83,11,0.8273
0.83,11.5,0.8276
0.83,12,0.828
0.83,12.5,0.8283
0.83,13,0.8286
0.83,13.5,0.829
0.83,14,0.8293
0.83,14.5,0.8297
0.83,15,0.83
0.83,15.5,0.8303
0.83,16,0.8307
0.83,16.5,0.831
0.83,17,0.8314
0.83,17.5,0.8317
0.83,18,0.832
0.83,18.5,0.8324
0.83,19,0.8327
0.83,19.5,0.833
0.83,20,0.8334
0.83,20.5,0.8337
0.83,21,0.834
0.83,21.5,0.8344
0.83,22,0.8347
0.83,22.5,0.835
0.83,23,0.8354
0.83,23.5,0.8357
0.83,24,0.836
0.83,24.5,0.8364
0.83,25,0.8367
0.83,25.5,0.837
0.83,26,0.8374
0.83,26.5,0.8377
0.83,27,0.838
0.83,27.5,0.8384
0.83,28,0.8387
0.83,28.5,0.839
0.83,29,0.8394
0.83,29.5,0.8397
0.83,30,0.84
0.83,30.5,0.8404
0.83,31,0.8407
0.83,31.5,0.841
0.83,32,0.8413
0.83,32.5,0.8417
0.83,33,0.842
0.83,33.5,0.8423
0.83,34,0.8427
0.83,34.5,0.843
0.83,35,0.8433
0.83,35.5,0.8436
0.83,36,0.844
0.83,36.5,0.8443
0.83,37,0.8446
0.83,37.5,0.8449
0.83,38,0.8453
0.83,38.5,0.8456
0.83,39,0.8459
0.83,39.5,0.8462
0.83,40,0.8466
0.83,40.5,0.8469
0.83,41,0.8472
0.83,41.5,0.8475
0.83,42,0.8479
0.83,42.5,0.8482
0.83,43,0.8485
0.83,43.5,0.8488
0.83,44,0.8491
0.83,44.5,0.8494
0.83,45,0.8498
0.83,45.5,0.8501
0.83,46,0.8504
0.83,46.5,0.8507
0.83,47,0.8511
0.83,47.5,0.8514
0.83,48,0.8517
0.83,48.5,0.852
0.83,49,0.8523
0.83,49.5,0.8527
0.83,50,0.853
0.831,10,0.8276
0.831,10.5,0.8279
0.831,11,0.8283
0.831,11.5,0.8286
0.831,12,0.829
0.831,12.5,0.8293
0.831,13,0.8296
0.831,13.5,0.83
0.831,14,0.8303
0.831,14.5,0.8307
0.831,15,0.831
0.831,15.5,0.8313
0.831,16,0.8317
0.831,16.5,0.832
0.831,17,0.8324
0.831,17.5,0.8327
0.831,18,0.833
0.831,18.5,0.8334
0.831,19,0.8337
0.831,19.5,0.834
0.831,20,0.8344
0.831,20.5,0.8347
0.831,21,0.835
0.831,21.5,0.8354
0.831,22,0.8357
0.831,22.5,0.836
0.831,23,0.8364
0.831,23.5,0.8367
0.831,24,0.837
0.831,24.5,0.8374
0.831,25,0.8377
0.831,25.5,0.838
0.831,26,0.8384
0.831,26.5,0.8387
0.831,27,0.839
0.831,27.5,0.8394
0.831,28,0.8397
0.831,28.5,0.84
0.831,29,0.8404
0.831,29.5,0.8407
0.831,30,0.841
0.831,30.5,0.8413
0.831,31,0.8417
0.831,31.5,0.842
0.831,32,0.8423
0.831,32.5,0.8427
0.831,33,0.843
0.831,33.5,0.8433
0.831,34,0.8436
0.831,34.5,0.844
0.831,35,0.8443
0.831,35.5,0.8446
0.831,36,0.8449
0.831,36.5,0.8453
0.831,37,0.8456
0.831,37.5,0.8459
0.831,38,0.8462
0.831,38.5,0.8466
0.831,39,0.8469
0.831,39.5,0.8472
0.831,40,0.8475
0.831,40.5,0.8479
0.831,41,0.8482
0.831,41.5,0.8485
0.831,42,0.8488
0.831,42.5,0.8492
0.831,43,0.8495
0.831,43.5,0.8498
0.831,44,0.8501
0.831,44.5,0.8504
0.831,45,0.8508
0.831,45.5,0.8511
0.831,46,0.8514
0.831,46.5,0.8517
0.831,47,0.852
0.831,47.5,0.8524
0.831,48,0.8527
0.831,48.5,0.853
0.831,49,0.8533
0.831,49.5,0.8536
0.831,50,0.854
0.832,10,0.8286
0.832,10.5,0.8289
0.832,11,0.8293
0.832,11.5,0.8296
0.832,12,0.83
0.832,12.5,0.8303
0.832,13,0.8306
0.832,13.5,0.831
0.832,14,0.8313
0.832,14.5,0.8317
0.832,15,0.832
0.832,15.5,0.8323
0.832,16,0.8327
0.832,16.5,0.833
0.832,17,0.8333
0.832,17.5,0.8337
0.832,18,0.834
0.832,18.5,0.8344
0.832,19,0.8347
0.832,19.5,0.835
0.832,20,0.8354
0.832,20.5,0.8357
0.832,21,0.836
0.832,21.5,0.8364
0.832,22,0.8367
0.832,22.5,0.837
0.832,23,0.8374
0.832,23.5,0.8377
0.832,24,0.838
0.832,24.5,0.8384
0.832,25,0.8387
0.832,25.5,0.839
0.832,26,0.8394
0.832,26.5,0.8397
0.832,27,0.84
0.832,27.5,0.8404
0.832,28,0.8407
0.832,28.5,0.841
0.832,29,0.8413
0.832,29.5,0.8417
0.832,30,0.842
0.832,30.5,0.8423
0.832,31,0.8427
0.832,31.5,0.843
0.832,32,0.8433
0.832,32.5,0.8436
0.832,33,0.844
0.832,33.5,0.8443
0.832,34,0.8446
0.832,34.5,0.845
0.832,35,0.8453
0.832,35.5,0.8456
0.832,36,0.8459
0.832,36.5,0.8463
0.832,37,0.8466
0.832,37.5,0.8469
0.832,38,0.8472
0.832,38.5,0.8476
0.832,39,0.8479
0.832,39.5,0.8482
0.832,40,0.8485
0.832,40.5,0.8488
0.832,41,0.8492
0.832,41.5,0.8495
0.832,42,0.8498
0.832,42.5,0.8501
0.832,43,0.8504
0.832,43.5,0.8508
0.832,44,0.8511
0.832,44.5,0.8514
0.832,45,0.8517
0.832,45.5,0.8521
0.832,46,0.8524
0.832,46.5,0.8527
0.832,47,0.853
0.832,47.5,0.8533
0.832,48,0.8537
0.832,48.5,0.854
0.832,49,0.8543
0.832,49.5,0.8546
0.832,50,0.8549
0.833,10,0.8296
0.833,10.5,0.83
0.833,11,0.8303
0.833,11.5,0.8306
0.833,12,0.831
0.833,12.5,0.8313
0.833,13,0.8316
0.833,13.5,0.832
0.833,14,0.8323
0.833,14.5,0.8327
0.833,15,0.833
0.833,15.5,0.8333
0.833,16,0.8337
0.833,16.5,0.834
0.833,17,0.8343
0.833,17.5,0.8347
0.833,18,0.835
0.833,18.5,0.8354
0.833,19,0.8357
0.833,19.5,0.836
0.833,20,0.8364
0.833,20.5,0.8367
0.833,21,0.837
0.833,21.5,0.8374
0.833,22,0.8377
0.833,22.5,0.838
0.833,23,0.8384
0.833,23.5,0.8387
0.833,24,0.839
0.833,24.5,0.8394
0.833,25,0.8397
0.833,25.5,0.84
0.833,26,0.8404
0.833,26.5,0.8407
0.833,27,0.841
0.833,27.5,0.8413
0.833,28,0.8417
0.833,28.5,0.842
0.833,29,0.8423
0.833,29.5,0.8427
0.833,30,0.843
0.833,30.5,0.8433
0.833,31,0.8436
0.833,31.5,0.844
0.833,32,0.8443
0.833,32.5,0.8446
0.833,33,0.845
0.833,33.5,0.8453
0.833,34,0.8456
0.833,34.5,0.8459
0.833,35,0.8463
0.833,35.5,0.8466
0.833,36,0.8469
0.833,36.5,0.8472
0.833,37,0.8476
0.833,37.5,0.8479
0.833,38,0.8482
0.833,38.5,0.8485
0.833,39,0.8489
0.833,39.5,0.8492
0.833,40,0.8495
0.833,40.5,0.8498
0.833,41,0.8501
0.833,41.5,0.8505
0.833,42,0.8508
0.833,42.5,0.8511
0.833,43,0.8514
0.833,43.5,0.8518
0.833,44,0.8521
0.833,44.5,0.8524
0.833,45,0.8527
0.833,45.5,0.853
0.833,46,0.8534
0.833,46.5,0.8537
0.833,47,0.854
0.833,47.5,0.8543
0.833,48,0.8546
0.833,48.5,0.855
0.833,49,0.8553
0.833,49.5,0.8556
0.833,50,0.8559
0.834,10,0.8306
0.834,10.5,0.831
0.834,11,0.8313
0.834,11.5,0.8316
0.834,12,0.832
0.834,12.5,0.8323
0.834,13,0.8327
0.834,13.5,0.833
0.834,14,0.8333
0.834,14.5,0.8337
0.834,15,0.834
0.834,15.5,0.8343
0.834,16,0.8347
0.834,16.5,0.835
0.834,17,0.8353
0.834,17.5,0.8357
0.834,18,0.836
0.834,18.5,0.8364
0.834,19,0.8367
0.834,19.5,0.837
0.834,20,0.8374
0.834,20.5,0.8377
0.834,21,0.838
0.834,21.5,0.8384
0.834,22,0.8387
0.834,22.5,0.839
0.834,23,0.8394
0.834,23.5,0.8397
0.834,24,0.84
0.834,24.5,0.8404
0.834,25,0.8407
0.834,25.5,0.841
0.834,26,0.8413
0.834,26.5,0.8417
0.834,27,0.842
0.834,27.5,0.8423
0.834,28,0.8427
0.834,28.5,0.843
0.834,29,0.8433
0.834,29.5,0.8437
0.834,30,0.844
0.834,30.5,0.8443
0.834,31,0.8446
0.834,31.5,0.845
0.834,32,0.8453
0.834,32.5,0.8456
0.834,33,0.8459
0.834,33.5,0.8463
0.834,34,0.8466
0.834,34.5,0.8469
0.834,35,0.8472
0.834,35.5,0.8476
0.834,36,0.8479
0.834,36.5,0.8482
0.834,37,0.8485
0.834,37.5,0.8489
0.834,38,0.8492
0.834,38.5,0.8495
0.834,39,0.8498
0.834,39.5,0.8502
0.834,40,0.8505
0.834,40.5,0.8508
0.834,41,0.8511
0.834,41.5,0.8514
0.834,42,0.8518
0.834,42.5,0.8521
0.834,43,0.8524
0.834,43.5,0.8527
0.834,44,0.8531
0.834,44.5,0.8534
0.834,45,0.8537
0.834,45.5,0.854
0.834,46,0.8543
0.834,46.5,0.8547
0.834,47,0.855
0.834,47.5,0.8553
0.834,48,0.8556
0.834,48.5,0.8559
0.834,49,0.8563
0.834,49.5,0.8566
0.834,50,0.8569
0.835,10,0.8316
0.835,10.5,0.832
0.835,11,0.8323
0.835,11.5,0.8326
0.835,12,0.833
0.835,12.5,0.8333
0.835,13,0.8337
0.835,13.5,0.834
0.835,14,0.8343
0.835,14.5,0.8347
0.835,15,0.835
0.835,15.5,0.8353
0.835,16,0.8357
0.835,16.5,0.836
0.835,17,0.8363
0.835,17.5,0.8367
0.835,18,0.837
0.835,18.5,0.8374
0.835,19,0.8377
0.835,19.5,0.838
0.835,20,0.8384
0.835,20.5,0.8387
0.835,21,0.839
0.835,21.5,0.8394
0.835,22,0.8397
0.835,22.5,0.84
0.835,23,0.8403
0.835,23.5,0.8407
0.835,24,0.841
0.835,24.5,0.8413
0.835,25,0.8417
0.835,25.5,0.842
0.835,26,0.8423
0.835,26.5,0.8427
0.835,27,0.843
0.835,27.5,0.8433
0.835,28,0.8437
0.835,28.5,0.844
0.835,29,0.8443
0.835,29.5,0.8446
0.835,30,0.845
0.835,30.5,0.8453
0.835,31,0.8456
0.835,31.5,0.846
0.835,32,0.8463
0.835,32.5,0.8466
0.835,33,0.8469
0.835,33.5,0.8473
0.835,34,0.8476
0.835,34.5,0.8479
0.835,35,0.8482
0.835,35.5,0.8486
0.835,36,0.8489
0.835,36.5,0.8492
0.835,37,0.8495
0.835,37.5,0.8498
0.835,38,0.8502
0.835,38.5,0.8505
0.835,39,0.8508
0.835,39.5,0.8511
0.835,40,0.8515
0.835,40.5,0.8518
0.835,41,0.8521
0.835,41.5,0.8524
0.835,42,0.8528
0.835,42.5,0.8531
0.835,43,0.8534
0.835,43.5,0.8537
0.835,44,0.854
0.835,44.5,0.8544
0.835,45,0.8547
0.835,45.5,0.855
0.835,46,0.8553
0.835,46.5,0.8556
0.835,47,0.856
0.835,47.5,0.8563
0.835,48,0.8566
0.835,48.5,0.8569
0.835,49,0.8572
0.835,49.5,0.8576
0.835,50,0.8579
0.836,10,0.8326
0.836,10.5,0.833
0.836,11,0.8333
0.836,11.5,0.8336
0.836,12,0.834
0.836,12.5,0.8343
0.836,13,0.8347
0.836,13.5,0.835
0.836,14,0.8353
0.836,14.5,0.8357
0.836,15,0.836
0.836,15.5,0.8363
0.836,16,0.8367
0.836,16.5,0.837
0.836,17,0.8373
0.836,17.5,0.8377
0.836,18,0.838
0.836,18.5,0.8383
0.836,19,0.8387
0.836,19.5,0.839
0.836,20,0.8393
0.836,20.5,0.8397
0.836,21,0.84
0.836,21.5,0.8403
0.836,22,0.8407
0.836,22.5,0.841
0.836,23,0.8413
0.836,23.5,0.8417
0.836,24,0.842
0.836,24.5,0.8423
0.836,25,0.8427
0.836,25.5,0.843
0.836,26,0.8433
0.836,26.5,0.8437
0.836,27,0.844
0.836,27.5,0.8443
0.836,28,0.8446
0.836,28.5,0.845
0.836,29,0.8453
0.836,29.5,0.8456
0.836,30,0.846
0.836,30.5,0.8463
0.836,31,0.8466
0.836,31.5,0.8469
0.836,32,0.8473
0.836,32.5,0.8476
0.836,33,0.8479
0.836,33.5,0.8482
0.836,34,0.8486
0.836,34.5,0.8489
0.836,35,0.8492
0.836,35.5,0.8495
0.836,36,0.8499
0.836,36.5,0.8502
0.836,37,0.8505
0.836,37.5,0.8508
0.836,38,0.8512
0.836,38.5,0.8515
0.836,39,0.8518
0.836,39.5,0.8521
0.836,40,0.8524
0.836,40.5,0.8528
0.836,41,0.8531
0.836,41.5,0.8534
0.836,42,0.8537
0.836,42.5,0.8541
0.836,43,0.8544
0.836,43.5,0.8547
0.836,44,0.855
0.836,44.5,0.8553
0.836,45,0.8557
0.836,45.5,0.856
0.836,46,0.8563
0.836,46.5,0.8566
0.836,47,0.8569
0.836,47.5,0.8573
0.836,48,0.8576
0.836,48.5,0.8579
0.836,49,0.8582
0.836,49.5,0.8585
0.836,50,0.8589
0.837,10,0.8336
0.837,10.5,0.834
0.837,11,0.8343
0.837,11.5,0.8346
0.837,12,0.835
0.837,12.5,0.8353
0.837,13,0.8357
0.837,13.5,0.836
0.837,14,0.8363
0.837,14.5,0.8367
0.837,15,0.837
0.837,15.5,0.8373
0.837,16,0.8377
0.837,16.5,0.838
0.837,17,0.8383
0.837,17.5,0.8387
0.837,18,0.839
0.837,18.5,0.8393
0.837,19,0.8397
0.837,19.5,0.84
0.837,20,0.8403
0.837,20.5,0.8407
0.837,21,0.841
0.837,21.5,0.8413
0.837,22,0.8417
0.837,22.5,0.842
0.837,23,0.8423
0.837,23.5,0.8427
0.837,24,0.843
0.837,24.5,0.8433
0.837,25,0.8437
0.837,25.5,0.844
0.837,26,0.8443
0.837,26.5,0.8446
0.837,27,0.845
0.837,27.5,0.8453
0.837,28,0.8456
0.837,28.5,0.846
0.837,29,0.8463
0.837,29.5,0.8466
0.837,30,0.8469
0.837,30.5,0.8473
0.837,31,0.8476
0.837,31.5,0.8479
0.837,32,0.8483
0.837,32.5,0.8486
0.837,33,0.8489
0.837,33.5,0.8492
0.837,34,0.8496
0.837,34.5,0.8499
0.837,35,0.8502
0.837,35.5,0.8505
0.837,36,0.8508
0.837,36.5,0.8512
0.837,37,0.8515
0.837,37.5,0.8518
0.837,38,0.8521
0.837,38.5,0.8525
0.837,39,0.8528
0.837,39.5,0.8531
0.837,40,0.8534
0.837,40.5,0.8538
0.837,41,0.8541
0.837,41.5,0.8544
0.837,42,0.8547
0.837,42.5,0.855
0.837,43,0.8554
0.837,43.5,0.8557
0.837,44,0.856
0.837,44.5,0.8563
0.837,45,0.8566
0.837,45.5,0.857
0.837,46,0.8573
0.837,46.5,0.8576
0.837,47,0.8579
0.837,47.5,0.8582
0.837,48,0.8586
0.837,48.5,0.8589
0.837,49,0.8592
0.837,49.5,0.8595
0.837,50,0.8598
0.838,10,0.8346
0.838,10.5,0.835
0.838,11,0.8353
0.838,11.5,0.8356
0.838,12,0.836
0.838,12.5,0.8363
0.838,13,0.8367
0.838,13.5,0.837
0.838,14,0.8373
0.838,14.5,0.8377
0.838,15,0.838
0.838,15.5,0.8383
0.838,16,0.8387
0.838,16.5,0.839
0.838,17,0.8393
0.838,17.5,0.8397
0.838,18,0.84
0.838,18.5,0.8403
0.838,19,0.8407
0.838,19.5,0.841
0.838,20,0.8413
0.838,20.5,0.8417
0.838,21,0.842
0.838,21.5,0.8423
0.838,22,0.8427
0.838,22.5,0.843
0.838,23,0.8433
0.838,23.5,0.8437
0.838,24,0.844
0.838,24.5,0.8443
0.838,25,0.8447
0.838,25.5,0.845
0.838,26,0.8453
0.838,26.5,0.8456
0.838,27,0.846
0.838,27.5,0.8463
0.838,28,0.8466
0.838,28.5,0.847
0.838,29,0.8473
0.838,29.5,0.8476
0.838,30,0.8479
0.838,30.5,0.8483
0.838,31,0.8486
0.838,31.5,0.8489
0.838,32,0.8492
0.838,32.5,0.8496
0.838,33,0.8499
0.838,33.5,0.8502
0.838,34,0.8505
0.838,34.5,0.8509
0.838,35,0.8512
0.838,35.5,0.8515
0.838,36,0.8518
0.838,36.5,0.8522
0.838,37,0.8525
0.838,37.5,0.8528
0.838,38,0.8531
0.838,38.5,0.8535
0.838,39,0.8538
0.838,39.5,0.8541
0.838,40,0.8544
0.838,40.5,0.8547
0.838,41,0.8551
0.838,41.5,0.8554
0.838,42,0.8557
0.838,42.5,0.856
0.838,43,0.8564
0.838,43.5,0.8567
0.838,44,0.857
0.838,44.5,0.8573
0.838,45,0.8576
0.838,45.5,0.858
0.838,46,0.8583
0.838,46.5,0.8586
0.838,47,0.8589
0.838,47.5,0.8592
0.838,48,0.8595
0.838,48.5,0.8599
0.838,49,0.8602
0.838,49.5,0.8605
0.838,50,0.8608
0.839,10,0.8356
0.839,10.5,0.836
0.839,11,0.8363
0.839,11.5,0.8366
0.839,12,0.837
0.839,12.5,0.8373
0.839,13,0.8377
0.839,13.5,0.838
0.839,14,0.8383
0.839,14.5,0.8387
0.839,15,0.839
0.839,15.5,0.8393
0.839,16,0.8397
0.839,16.5,0.84
0.839,17,0.8403
0.839,17.5,0.8407
0.839,18,0.841
0.839,18.5,0.8413
0.839,19,0.8417
0.839,19.5,0.842
0.839,20,0.8423
0.839,20.5,0.8427
0.839,21,0.843
0.839,21.5,0.8433
0.839,22,0.8437
0.839,22.5,0.844
0.839,23,0.8443
0.839,23.5,0.8447
0.839,24,0.845
0.839,24.5,0.8453
0.839,25,0.8456
0.839,25.5,0.846
0.839,26,0.8463
0.839,26.5,0.8466
0.839,27,0.847
0.839,27.5,0.8473
0.839,28,0.8476
0.839,28.5,0.8479
0.839,29,0.8483
0.839,29.5,0.8486
0.839,30,0.8489
0.839,30.5,0.8492
0.839,31,0.8496
0.839,31.5,0.8499
0.839,32,0.8502
0.839,32.5,0.8505
0.839,33,0.8509
0.839,33.5,0.8512
0.839,34,0.8515
0.839,34.5,0.8518
0.839,35,0.8522
0.839,35.5,0.8525
0.839,36,0.8528
0.839,36.5,0.8531
0.839,37,0.8535
0.839,37.5,0.8538
0.839,38,0.8541
0.839,38.5,0.8544
0.839,39,0.8548
0.839,39.5,0.8551
0.839,40,0.8554
0.839,40.5,0.8557
0.839,41,0.8561
0.839,41.5,0.8564
0.839,42,0.8567
0.839,42.5,0.857
0.839,43,0.8573
0.839,43.5,0.8577
0.839,44,0.858
0.839,44.5,0.8583
0.839,45,0.8586
0.839,45.5,0.8589
0.839,46,0.8593
0.839,46.5,0.8596
0.839,47,0.8599
0.839,47.5,0.8602
0.839,48,0.8605
0.839,48.5,0.8608
0.839,49,0.8612
0.839,49.5,0.8615
0.839,50,0.8618
0.84,10,0.8366
0.84,10.5,0.837
0.84,11,0.8373
0.84,11.5,0.8377
0.84,12,0.838
0.84,12.5,0.8383
0.84,13,0.8387
0.84,13.5,0.839
0.84,14,0.8393
0.84,14.5,0.8397
0.84,15,0.84
0.84,15.5,0.8403
0.84,16,0.8407
0.84,16.5,0.841
0.84,17,0.8413
0.84,17.5,0.8417
0.84,18,0.842
0.84,18.5,0.8423
0.84,19,0.8427
0.84,19.5,0.843
0.84,20,0.8433
0.84,20.5,0.8437
0.84,21,0.844
0.84,21.5,0.8443
0.84,22,0.8447
0.84,22.5,0.845
0.84,23,0.8453
0.84,23.5,0.8456
0.84,24,0.846
0.84,24.5,0.8463
0.84,25,0.8466
0.84,25.5,0.847
0.84,26,0.8473
0.84,26.5,0.8476
0.84,27,0.848
0.84,27.5,0.8483
0.84,28,0.8486
0.84,28.5,0.8489
0.84,29,0.8493
0.84,29.5,0.8496
0.84,30,0.8499
0.84,30.5,0.8502
0.84,31,0.8506
0.84,31.5,0.8509
0.84,32,0.8512
0.84,32.5,0.8515
0.84,33,0.8519
0.84,33.5,0.8522
0.84,34,0.8525
0.84,34.5,0.8528
0.84,35,0.8532
0.84,35.5,0.8535
0.84,36,0.8538
0.84,36.5,0.8541
0.84,37,0.8545
0.84,37.5,0.8548
0.84,38,0.8551
0.84,38.5,0.8554
0.84,39,0.8557
0.84,39.5,0.8561
0.84,40,0.8564
0.84,40.5,0.8567
0.84,41,0.857
0.84,41.5,0.8574
0.84,42,0.8577
0.84,42.5,0.858
0.84,43,0.8583
0.84,43.5,0.8586
0.84,44,0.859
0.84,44.5,0.8593
0.84,45,0.8596
0.84,45.5,0.8599
0.84,46,0.8602
0.84,46.5,0.8606
0.84,47,0.8609
0.84,47.5,0.8612
0.84,48,0.8615
0.84,48.5,0.8618
0.84,49,0.8621
0.84,49.5,0.8625
0.84,50,0.8628
0.841,10,0.8376
0.841,10.5,0.838
0.841,11,0.8383
0.841,11.5,0.8387
0.841,12,0.839
0.841,12.5,0.8393
0.841,13,0.8397
0.841,13.5,0.84
0.841,14,0.8403
0.841,14.5,0.8407
0.841,15,0.841
0.841,15.5,0.8413
0.841,16,0.8417
0.841,16.5,0.842
0.841,17,0.8423
0.841,17.5,0.8427
0.841,18,0.843
0.841,18.5,0.8433
0.841,19,0.8437
0.841,19.5,0.844
0.841,20,0.8443
0.841,20.5,0.8447
0.841,21,0.845
0.841,21.5,0.8453
0.841,22,0.8457
0.841,22.5,0.846
0.841,23,0.8463
0.841,23.5,0.8466
0.841,24,0.847
0.841,24.5,0.8473
0.841,25,0.8476
0.841,25.5,0.848
0.841,26,0.8483
0.841,26.5,0.8486
0.841,27,0.8489
0.841,27.5,0.8493
0.841,28,0.8496
0.841,28.5,0.8499
0.841,29,0.8502
0.841,29.5,0.8506
0.841,30,0.8509
0.841,30.5,0.8512
0.841,31,0.8516
0.841,31.5,0.8519
0.841,32,0.8522
0.841,32.5,0.8525
0.841,33,0.8529
0.841,33.5,0.8532
0.841,34,0.8535
0.841,34.5,0.8538
0.841,35,0.8542
0.841,35.5,0.8545
0.841,36,0.8548
0.841,36.5,0.8551
0.841,37,0.8554
0.841,37.5,0.8558
0.841,38,0.8561
0.841,38.5,0.8564
0.841,39,0.8567
0.841,39.5,0.8571
0.841,40,0.8574
0.841,40.5,0.8577
0.841,41,0.858
0.841,41.5,0.8583
0.841,42,0.8587
0.841,42.5,0.859
0.841,43,0.8593
0.841,43.5,0.8596
0.841,44,0.8599
0.841,44.5,0.8603
0.841,45,0.8606
0.841,45.5,0.8609
0.841,46,0.8612
0.841,46.5,0.8615
0.841,47,0.8619
0.841,47.5,0.8622
0.841,48,0.8625
0.841,48.5,0.8628
0.841,49,0.8631
0.841,49.5,0.8634
0.841,50,0.8638
0.842,10,0.8386
0.842,10.5,0.839
0.842,11,0.8393
0.842,11.5,0.8397
0.842,12,0.84
0.842,12.5,0.8403
0.842,13,0.8407
0.842,13.5,0.841
0.842,14,0.8413
0.842,14.5,0.8417
0.842,15,0.842
0.842,15.5,0.8423
0.842,16,0.8427
0.842,16.5,0.843
0.842,17,0.8433
0.842,17.5,0.8437
0.842,18,0.844
0.842,18.5,0.8443
0.842,19,0.8447
0.842,19.5,0.845
0.842,20,0.8453
0.842,20.5,0.8457
0.842,21,0.846
0.842,21.5,0.8463
0.842,22,0.8466
0.842,22.5,0.847
0.842,23,0.8473
0.842,23.5,0.8476
0.842,24,0.848
0.842,24.5,0.8483
0.842,25,0.8486
0.842,25.5,0.849
0.842,26,0.8493
0.842,26.5,0.8496
0.842,27,0.8499
0.842,27.5,0.8503
0.842,28,0.8506
0.842,28.5,0.8509
0.842,29,0.8512
0.842,29.5,0.8516
0.842,30,0.8519
0.842,30.5,0.8522
0.842,31,0.8525
0.842,31.5,0.8529
0.842,32,0.8532
0.842,32.5,0.8535
0.842,33,0.8538
0.842,33.5,0.8542
0.842,34,0.8545
0.842,34.5,0.8548
0.842,35,0.8551
0.842,35.5,0.8555
0.842,36,0.8558
0.842,36.5,0.8561
0.842,37,0.8564
0.842,37.5,0.8568
0.842,38,0.8571
0.842,38.5,0.8574
0.842,39,0.8577
0.842,39.5,0.858
0.842,40,0.8584
0.842,40.5,0.8587
0.842,41,0.859
0.842,41.5,0.8593
0.842,42,0.8596
0.842,42.5,0.86
0.842,43,0.8603
0.842,43.5,0.8606
0.842,44,0.8609
0.842,44.5,0.8612
0.842,45,0.8616
0.842,45.5,0.8619
0.842,46,0.8622
0.842,46.5,0.8625
0.842,47,0.8628
0.842,47.5,0.8632
0.842,48,0.8635
0.842,48.5,0.8638
0.842,49,0.8641
0.842,49.5,0.8644
0.842,50,0.8647
0.843,10,0.8396
0.843,10.5,0.84
0.843,11,0.8403
0.843,11.5,0.8407
0.843,12,0.841
0.843,12.5,0.8413
0.843,13,0.8417
0.843,13.5,0.842
0.843,14,0.8423
0.843,14.5,0.8427
0.843,15,0.843
0.843,15.5,0.8433
0.843,16,0.8437
0.843,16.5,0.844
0.843,17,0.8443
0.843,17.5,0.8447
0.843,18,0.845
0.843,18.5,0.8453
0.843,19,0.8457
0.843,19.5,0.846
0.843,20,0.8463
0.843,20.5,0.8467
0.843,21,0.847
0.843,21.5,0.8473
0.843,22,0.8476
0.843,22.5,0.848
0.843,23,0.8483
0.843,23.5,0.8486
0.843,24,0.849
0.843,24.5,0.8493
0.843,25,0.8496
0.843,25.5,0.8499
0.843,26,0.8503
0.843,26.5,0.8506
0.843,27,0.8509
0.843,27.5,0.8512
0.843,28,0.8516
0.843,28.5,0.8519
0.843,29,0.8522
0.843,29.5,0.8526
0.843,30,0.8529
0.843,30.5,0.8532
0.843,31,0.8535
0.843,31.5,0.8539
0.843,32,0.8542
0.843,32.5,0.8545
0.843,33,0.8548
0.843,33.5,0.8552
0.843,34,0.8555
0.843,34.5,0.8558
0.843,35,0.8561
0.843,35.5,0.8565
0.843,36,0.8568
0.843,36.5,0.8571
0.843,37,0.8574
0.843,37.5,0.8577
0.843,38,0.8581
0.843,38.5,0.8584
0.843,39,0.8587
0.843,39.5,0.859
0.843,40,0.8594
0.843,40.5,0.8597
0.843,41,0.86
0.843,41.5,0.8603
0.843,42,0.8606
0.843,42.5,0.861
0.843,43,0.8613
0.843,43.5,0.8616
0.843,44,0.8619
0.843,44.5,0.8622
0.843,45,0.8625
0.843,45.5,0.8629
0.843,46,0.8632
0.843,46.5,0.8635
0.843,47,0.8638
0.843,47.5,0.8641
0.843,48,0.8645
0.843,48.5,0.8648
0.843,49,0.8651
0.843,49.5,0.8654
0.843,50,0.8657
0.844,10,0.8407
0.844,10.5,0.841
0.844,11,0.8413
0.844,11.5,0.8417
0.844,12,0.842
0.844,12.5,0.8423
0.844,13,0.8427
0.844,13.5,0.843
0.844,14,0.8433
0.844,14.5,0.8437
0.844,15,0.844
0.844,15.5,0.8443
0.844,16,0.8447
0.844,16.5,0.845
0.844,17,0.8453
0.844,17.5,0.8457
0.844,18,0.846
0.844,18.5,0.8463
0.844,19,0.8467
0.844,19.5,0.847
0.844,20,0.8473
0.844,20.5,0.8476
0.844,21,0.848
0.844,21.5,0.8483
0.844,22,0.8486
0.844,22.5,0.849
0.844,23,0.8493
0.844,23.5,0.8496
0.844,24,0.8499
0.844,24.5,0.8503
0.844,25,0.8506
0.844,25.5,0.8509
0.844,26,0.8513
0.844,26.5,0.8516
0.844,27,0.8519
0.844,27.5,0.8522
0.844,28,0.8526
0.844,28.5,0.8529
0.844,29,0.8532
0.844,29.5,0.8535
0.844,30,0.8539
0.844,30.5,0.8542
0.844,31,0.8545
0.844,31.5,0.8548
0.844,32,0.8552
0.844,32.5,0.8555
0.844,33,0.8558
0.844,33.5,0.8561
0.844,34,0.8565
0.844,34.5,0.8568
0.844,35,0.8571
0.844,35.5,0.8574
0.844,36,0.8578
0.844,36.5,0.8581
0.844,37,0.8584
0.844,37.5,0.8587
0.844,38,0.8591
0.844,38.5,0.8594
0.844,39,0.8597
0.844,39.5,0.86
0.844,40,0.8603
0.844,40.5,0.8607
0.844,41,0.861
0.844,41.5,0.8613
0.844,42,0.8616
0.844,42.5,0.8619
0.844,43,0.8623
0.844,43.5,0.8626
0.844,44,0.8629
0.844,44.5,0.8632
0.844,45,0.8635
0.844,45.5,0.8638
0.844,46,0.8642
0.844,46.5,0.8645
0.844,47,0.8648
0.844,47.5,0.8651
0.844,48,0.8654
0.844,48.5,0.8657
0.844,49,0.8661
0.844,49.5,0.8664
0.844,50,0.8667
0.845,10,0.8417
0.845,10.5,0.842
0.845,11,0.8423
0.845,11.5,0.8427
0.845,12,0.843
0.845,12.5,0.8433
0.845,13,0.8437
0.845,13.5,0.844
0.845,14,0.8443
0.845,14.5,0.8447
0.845,15,0.845
0.845,15.5,0.8453
0.845,16,0.8457
0.845,16.5,0.846
0.845,17,0.8463
0.845,17.5,0.8467
0.845,18,0.847
0.845,18.5,0.8473
0.845,19,0.8477
0.845,19.5,0.848
0.845,20,0.8483
0.845,20.5,0.8486
0.845,21,0.849
0.845,21.5,0.8493
0.845,22,0.8496
0.845,22.5,0.85
0.845,23,0.8503
0.845,23.5,0.8506
0.845,24,0.8509
0.845,24.5,0.8513
0.845,25,0.8516
0.845,25.5,0.8519
0.845,26,0.8523
0.845,26.5,0.8526
0.845,27,0.8529
0.845,27.5,0.8532
0.845,28,0.8536
0.845,28.5,0.8539
0.845,29,0.8542
0.845,29.5,0.8545
0.845,30,0.8549
0.845,30.5,0.8552
0.845,31,0.8555
0.845,31.5,0.8558
0.845,32,0.8562
0.845,32.5,0.8565
0.845,33,0.8568
0.845,33.5,0.8571
0.845,34,0.8575
0.845,34.5,0.8578
0.845,35,0.8581
0.845,35.5,0.8584
0.845,36,0.8588
0.845,36.5,0.8591
0.845,37,0.8594
0.845,37.5,0.8597
0.845,38,0.86
0.845,38.5,0.8604
0.845,39,0.8607
0.845,39.5,0.861
0.845,40,0.8613
0.845,40.5,0.8616
0.845,41,0.862
0.845,41.5,0.8623
0.845,42,0.8626
0.845,42.5,0.8629
0.845,43,0.8632
0.845,43.5,0.8636
0.845,44,0.8639
0.845,44.5,0.8642
0.845,45,0.8645
0.845,45.5,0.8648
0.845,46,0.8651
0.845,46.5,0.8655
0.845,47,0.8658
0.845,47.5,0.8661
0.845,48,0.8664
0.845,48.5,0.8667
0.845,49,0.867
0.845,49.5,0.8674
0.845,50,0.8677
0.846,10,0.8427
0.846,10.5,0.843
0.846,11,0.8433
0.846,11.5,0.8437
0.846,12,0.844
0.846,12.5,0.8443
0.846,13,0.8447
0.846,13.5,0.845
0.846,14,0.8453
0.846,14.5,0.8457
0.846,15,0.846
0.846,15.5,0.8463
0.846,16,0.8467
0.846,16.5,0.847
0.846,17,0.8473
0.846,17.5,0.8477
0.846,18,0.848
0.846,18.5,0.8483
0.846,19,0.8487
0.846,19.5,0.849
0.846,20,0.8493
0.846,20.5,0.8496
0.846,21,0.85
0.846,21.5,0.8503
0.846,22,0.8506
0.846,22.5,0.851
0.846,23,0.8513
0.846,23.5,0.8516
0.846,24,0.8519
0.846,24.5,0.8523
0.846,25,0.8526
0.846,25.5,0.8529
0.846,26,0.8532
0.846,26.5,0.8536
0.846,27,0.8539
0.846,27.5,0.8542
0.846,28,0.8546
0.846,28.5,0.8549
0.846,29,0.8552
0.846,29.5,0.8555
0.846,30,0.8559
0.846,30.5,0.8562
0.846,31,0.8565
0.846,31.5,0.8568
0.846,32,0.8572
0.846,32.5,0.8575
0.846,33,0.8578
0.846,33.5,0.8581
0.846,34,0.8584
0.846,34.5,0.8588
0.846,35,0.8591
0.846,35.5,0.8594
0.846,36,0.8597
0.846,36.5,0.8601
0.846,37,0.8604
0.846,37.5,0.8607
0.846,38,0.861
0.846,38.5,0.8613
0.846,39,0.8617
0.846,39.5,0.862
0.846,40,0.8623
0.846,40.5,0.8626
0.846,41,0.8629
0.846,41.5,0.8633
0.846,42,0.8636
0.846,42.5,0.8639
0.846,43,0.8642
0.846,43.5,0.8645
0.846,44,0.8649
0.846,44.5,0.8652
0.846,45,0.8655
0.846,45.5,0.8658
0.846,46,0.8661
0.846,46.5,0.8664
0.846,47,0.8668
0.846,47.5,0.8671
0.846,48,0.8674
0.846,48.5,0.8677
0.846,49,0.868
0.846,49.5,0.8683
0.846,50,0.8687
0.847,10,0.8437
0.847,10.5,0.844
0.847,11,0.8443
0.847,11.5,0.8447
0.847,12,0.845
0.847,12.5,0.8453
0.847,13,0.8457
0.847,13.5,0.846
0.847,14,0.8463
0.847,14.5,0.8467
0.847,15,0.847
0.847,15.5,0.8473
0.847,16,0.8477
0.847,16.5,0.848
0.847,17,0.8483
0.847,17.5,0.8487
0.847,18,0.849
0.847,18.5,0.8493
0.847,19,0.8496
0.847,19.5,0.85
0.847,20,0.8503
0.847,20.5,0.8506
0.847,21,0.851
0.847,21.5,0.8513
0.847,22,0.8516
0.847,22.5,0.852
0.847,23,0.8523
0.847,23.5,0.8526
0.847,24,0.8529
0.847,24.5,0.8533
0.847,25,0.8536
0.847,25.5,0.8539
0.847,26,0.8542
0.847,26.5,0.8546
0.847,27,0.8549
0.847,27.5,0.8552
0.847,28,0.8555
0.847,28.5,0.8559
0.847,29,0.8562
0.847,29.5,0.8565
0.847,30,0.8568
0.847,30.5,0.8572
0.847,31,0.8575
0.847,31.5,0.8578
0.847,32,0.8581
0.847,32.5,0.8585
0.847,33,0.8588
0.847,33.5,0.8591
0.847,34,0.8594
0.847,34.5,0.8598
0.847,35,0.8601
0.847,35.5,0.8604
0.847,36,0.8607
0.847,36.5,0.861
0.847,37,0.8614
0.847,37.5,0.8617
0.847,38,0.862
0.847,38.5,0.8623
0.847,39,0.8627
0.847,39.5,0.863
0.847,40,0.8633
0.847,40.5,0.8636
0.847,41,0.8639
0.847,41.5,0.8643
0.847,42,0.8646
0.847,42.5,0.8649
0.847,43,0.8652
0.847,43.5,0.8655
0.847,44,0.8658
0.847,44.5,0.8662
0.847,45,0.8665
0.847,45.5,0.8668
0.847,46,0.8671
0.847,46.5,0.8674
0.847,47,0.8677
0.847,47.5,0.8681
0.847,48,0.8684
0.847,48.5,0.8687
0.847,49,0.869
0.847,49.5,0.8693
0.847,50,0.8696
0.848,10,0.8447
0.848,10.5,0.845
0.848,11,0.8453
0.848,11.5,0.8457
0.848,12,0.846
0.848,12.5,0.8463
0.848,13,0.8467
0.848,13.5,0.847
0.848,14,0.8473
0.848,14.5,0.8477
0.848,15,0.848
0.848,15.5,0.8483
0.848,16,0.8487
0.848,16.5,0.849
0.848,17,0.8493
0.848,17.5,0.8497
0.848,18,0.85
0.848,18.5,0.8503
0.848,19,0.8506
0.848,19.5,0.851
0.848,20,0.8513
0.848,20.5,0.8516
0.848,21,0.852
0.848,21.5,0.8523
0.848,22,0.8526
0.848,22.5,0.8529
0.848,23,0.8533
0.848,23.5,0.8536
0.848,24,0.8539
0.848,24.5,0.8543
0.848,25,0.8546
0.848,25.5,0.8549
0.848,26,0.8552
0.848,26.5,0.8556
0.848,27,0.8559
0.848,27.5,0.8562
0.848,28,0.8565
0.848,28.5,0.8569
0.848,29,0.8572
0.848,29.5,0.8575
0.848,30,0.8578
0.848,30.5,0.8582
0.848,31,0.8585
0.848,31.5,0.8588
0.848,32,0.8591
0.848,32.5,0.8595
0.848,33,0.8598
0.848,33.5,0.8601
0.848,34,0.8604
0.848,34.5,0.8608
0.848,35,0.8611
0.848,35.5,0.8614
0.848,36,0.8617
0.848,36.5,0.862
0.848,37,0.8624
0.848,37.5,0.8627
0.848,38,0.863
0.848,38.5,0.8633
0.848,39,0.8636
0.848,39.5,0.864
0.848,40,0.8643
0.848,40.5,0.8646
0.848,41,0.8649
0.848,41.5,0.8652
0.848,42,0.8656
0.848,42.5,0.8659
0.848,43,0.8662
0.848,43.5,0.8665
0.848,44,0.8668
0.848,44.5,0.8671
0.848,45,0.8675
0.848,45.5,0.8678
0.848,46,0.8681
0.848,46.5,0.8684
0.848,47,0.8687
0.848,47.5,0.869
0.848,48,0.8694
0.848,48.5,0.8697
0.848,49,0.87
0.848,49.5,0.8703
0.848,50,0.8706
0.849,10,0.8457
0.849,10.5,0.846
0.849,11,0.8463
0.849,11.5,0.8467
0.849,12,0.847
0.849,12.5,0.8473
0.849,13,0.8477
0.849,13.5,0.848
0.849,14,0.8483
0.849,14.5,0.8487
0.849,15,0.849
0.849,15.5,0.8493
0.849,16,0.8497
0.849,16.5,0.85
0.849,17,0.8503
0.849,17.5,0.8507
0.849,18,0.851
0.849,18.5,0.8513
0.849,19,0.8516
0.849,19.5,0.852
0.849,20,0.8523
0.849,20.5,0.8526
0.849,21,0.853
0.849,21.5,0.8533
0.849,22,0.8536
0.849,22.5,0.8539
0.849,23,0.8543
0.849,23.5,0.8546
0.849,24,0.8549
0.849,24.5,0.8553
0.849,25,0.8556
0.849,25.5,0.8559
0.849,26,0.8562
0.849,26.5,0.8566
0.849,27,0.8569
0.849,27.5,0.8572
0.849,28,0.8575
0.849,28.5,0.8579
0.849,29,0.8582
0.849,29.5,0.8585
0.849,30,0.8588
0.849,30.5,0.8592
0.849,31,0.8595
0.849,31.5,0.8598
0.849,32,0.8601
0.849,32.5,0.8604
0.849,33,0.8608
0.849,33.5,0.8611
0.849,34,0.8614
0.849,34.5,0.8617
0.849,35,0.8621
0.849,35.5,0.8624
0.849,36,0.8627
0.849,36.5,0.863
0.849,37,0.8633
0.849,37.5,0.8637
0.849,38,0.864
0.849,38.5,0.8643
0.849,39,0.8646
0.849,39.5,0.8649
0.849,40,0.8653
0.849,40.5,0.8656
0.849,41,0.8659
0.849,41.5,0.8662
0.849,42,0.8665
0.849,42.5,0.8669
0.849,43,0.8672
0.849,43.5,0.8675
0.849,44,0.8678
0.849,44.5,0.8681
0.849,45,0.8684
0.849,45.5,0.8688
0.849,46,0.8691
0.849,46.5,0.8694
0.849,47,0.8697
0.849,47.5,0.87
0.849,48,0.8703
0.849,48.5,0.8707
0.849,49,0.871
0.849,49.5,0.8713
0.849,50,0.8716
0.85,10,0.8467
0.85,10.5,0.847
0.85,11,0.8473
0.85,11.5,0.8477
0.85,12,0.848
0.85,12.5,0.8483
0.85,13,0.8487
0.85,13.5,0.849
0.85,14,0.8493
0.85,14.5,0.8497
0.85,15,0.85
0.85,15.5,0.8503
0.85,16,0.8507
0.85,16.5,0.851
0.85,17,0.8513
0.85,17.5,0.8517
0.85,18,0.852
0.85,18.5,0.8523
0.85,19,0.8526
0.85,19.5,0.853
0.85,20,0.8533
0.85,20.5,0.8536
0.85,21,0.854
0.85,21.5,0.8543
0.85,22,0.8546
0.85,22.5,0.8549
0.85,23,0.8553
0.85,23.5,0.8556
0.85,24,0.8559
0.85,24.5,0.8562
0.85,25,0.8566
0.85,25.5,0.8569
0.85,26,0.8572
0.85,26.5,0.8576
0.85,27,0.8579
0.85,27.5,0.8582
0.85,28,0.8585
0.85,28.5,0.8588
0.85,29,0.8592
0.85,29.5,0.8595
0.85,30,0.8598
0.85,30.5,0.8601
0.85,31,0.8605
0.85,31.5,0.8608
0.85,32,0.8611
0.85,32.5,0.8614
0.85,33,0.8618
0.85,33.5,0.8621
0.85,34,0.8624
0.85,34.5,0.8627
0.85,35,0.863
0.85,35.5,0.8634
0.85,36,0.8637
0.85,36.5,0.864
0.85,37,0.8643
0.85,37.5,0.8647
0.85,38,0.865
0.85,38.5,0.8653
0.85,39,0.8656
0.85,39.5,0.8659
0.85,40,0.8663
0.85,40.5,0.8666
0.85,41,0.8669
0.85,41.5,0.8672
0.85,42,0.8675
0.85,42.5,0.8678
0.85,43,0.8682
0.85,43.5,0.8685
0.85,44,0.8688
0.85,44.5,0.8691
0.85,45,0.8694
0.85,45.5,0.8697
0.85,46,0.8701
0.85,46.5,0.8704
0.85,47,0.8707
0.85,47.5,0.871
0.85,48,0.8713
0.85,48.5,0.8716
0.85,49,0.8719
0.85,49.5,0.8723
0.85,50,0.8726
0.851,10,0.8477
0.851,10.5,0.848
0.851,11,0.8483
0.851,11.5,0.8487
0.851,12,0.849
0.851,12.5,0.8493
0.851,13,0.8497
0.851,13.5,0.85
0.851,14,0.8503
0.851,14.5,0.8507
0.851,15,0.851
0.851,15.5,0.8513
0.851,16,0.8517
0.851,16.5,0.852
0.851,17,0.8523
0.851,17.5,0.8527
0.851,18,0.853
0.851,18.5,0.8533
0.851,19,0.8536
0.851,19.5,0.854
0.851,20,0.8543
0.851,20.5,0.8546
0.851,21,0.855
0.851,21.5,0.8553
0.851,22,0.8556
0.851,22.5,0.8559
0.851,23,0.8563
0.851,23.5,0.8566
0.851,24,0.8569
0.851,24.5,0.8572
0.851,25,0.8576
0.851,25.5,0.8579
0.851,26,0.8582
0.851,26.5,0.8585
0.851,27,0.8589
0.851,27.5,0.8592
0.851,28,0.8595
0.851,28.5,0.8598
0.851,29,0.8602
0.851,29.5,0.8605
0.851,30,0.8608
0.851,30.5,0.8611
0.851,31,0.8615
0.851,31.5,0.8618
0.851,32,0.8621
0.851,32.5,0.8624
0.851,33,0.8628
0.851,33.5,0.8631
0.851,34,0.8634
0.851,34.5,0.8637
0.851,35,0.864
0.851,35.5,0.8644
0.851,36,0.8647
0.851,36.5,0.865
0.851,37,0.8653
0.851,37.5,0.8656
0.851,38,0.866
0.851,38.5,0.8663
0.851,39,0.8666
0.851,39.5,0.8669
0.851,40,0.8672
0.851,40.5,0.8676
0.851,41,0.8679
0.851,41.5,0.8682
0.851,42,0.8685
0.851,42.5,0.8688
0.851,43,0.8691
0.851,43.5,0.8695
0.851,44,0.8698
0.851,44.5,0.8701
0.851,45,0.8704
0.851,45.5,0.8707
0.851,46,0.871
0.851,46.5,0.8714
0.851,47,0.8717
0.851,47.5,0.872
0.851,48,0.8723
0.851,48.5,0.8726
0.851,49,0.8729
0.851,49.5,0.8732
0.851,50,0.8736
0.852,10,0.8487
0.852,10.5,0.849
0.852,11,0.8493
0.852,11.5,0.8497
0.852,12,0.85
0.852,12.5,0.8503
0.852,13,0.8507
0.852,13.5,0.851
0.852,14,0.8513
0.852,14.5,0.8517
0.852,15,0.852
0.852,15.5,0.8523
0.852,16,0.8527
0.852,16.5,0.853
0.852,17,0.8533
0.852,17.5,0.8536
0.852,18,0.854
0.852,18.5,0.8543
0.852,19,0.8546
0.852,19.5,0.855
0.852,20,0.8553
0.852,20.5,0.8556
0.852,21,0.8559
0.852,21.5,0.8563
0.852,22,0.8566
0.852,22.5,0.8569
0.852,23,0.8573
0.852,23.5,0.8576
0.852,24,0.8579
0.852,24.5,0.8582
0.852,25,0.8586
0.852,25.5,0.8589
0.852,26,0.8592
0.852,26.5,0.8595
0.852,27,0.8599
0.852,27.5,0.8602
0.852,28,0.8605
0.852,28.5,0.8608
0.852,29,0.8612
0.852,29.5,0.8615
0.852,30,0.8618
0.852,30.5,0.8621
0.852,31,0.8625
0.852,31.5,0.8628
0.852,32,0.8631
0.852,32.5,0.8634
0.852,33,0.8637
0.852,33.5,0.8641
0.852,34,0.8644
0.852,34.5,0.8647
0.852,35,0.865
0.852,35.5,0.8654
0.852,36,0.8657
0.852,36.5,0.866
0.852,37,0.8663
0.852,37.5,0.8666
0.852,38,0.8669
0.852,38.5,0.8673
0.852,39,0.8676
0.852,39.5,0.8679
0.852,40,0.8682
0.852,40.5,0.8685
0.852,41,0.8689
0.852,41.5,0.8692
0.852,42,0.8695
0.852,42.5,0.8698
0.852,43,0.8701
0.852,43.5,0.8704
0.852,44,0.8708
0.852,44.5,0.8711
0.852,45,0.8714
0.852,45.5,0.8717
0.852,46,0.872
0.852,46.5,0.8723
0.852,47,0.8727
0.852,47.5,0.873
0.852,48,0.8733
0.852,48.5,0.8736
0.852,49,0.8739
0.852,49.5,0.8742
0.852,50,0.8745
0.853,10,0.8497
0.853,10.5,0.85
0.853,11,0.8504
0.853,11.5,0.8507
0.853,12,0.851
0.853,12.5,0.8513
0.853,13,0.8517
0.853,13.5,0.852
0.853,14,0.8523
0.853,14.5,0.8527
0.853,15,0.853
0.853,15.5,0.8533
0.853,16,0.8537
0.853,16.5,0.854
0.853,17,0.8543
0.853,17.5,0.8546
0.853,18,0.855
0.853,18.5,0.8553
0.853,19,0.8556
0.853,19.5,0.856
0.853,20,0.8563
0.853,20.5,0.8566
0.853,21,0.8569
0.853,21.5,0.8573
0.853,22,0.8576
0.853,22.5,0.8579
0.853,23,0.8583
0.853,23.5,0.8586
0.853,24,0.8589
0.853,24.5,0.8592
0.853,25,0.8596
0.853,25.5,0.8599
0.853,26,0.8602
0.853,26.5,0.8605
0.853,27,0.8609
0.853,27.5,0.8612
0.853,28,0.8615
0.853,28.5,0.8618
0.853,29,0.8622
0.853,29.5,0.8625
0.853,30,0.8628
0.853,30.5,0.8631
0.853,31,0.8634
0.853,31.5,0.8638
0.853,32,0.8641
0.853,32.5,0.8644
0.853,33,0.8647
0.853,33.5,0.8651
0.853,34,0.8654
0.853,34.5,0.8657
0.853,35,0.866
0.853,35.5,0.8663
0.853,36,0.8667
0.853,36.5,0.867
0.853,37,0.8673
0.853,37.5,0.8676
0.853,38,0.8679
0.853,38.5,0.8683
0.853,39,0.8686
0.853,39.5,0.8689
0.853,40,0.8692
0.853,40.5,0.8695
0.853,41,0.8698
0.853,41.5,0.8702
0.853,42,0.8705
0.853,42.5,0.8708
0.853,43,0.8711
0.853,43.5,0.8714
0.853,44,0.8717
0.853,44.5,0.8721
0.853,45,0.8724
0.853,45.5,0.8727
0.853,46,0.873
0.853,46.5,0.8733
0.853,47,0.8736
0.853,47.5,0.8739
0.853,48,0.8743
0.853,48.5,0.8746
0.853,49,0.8749
0.853,49.5,0.8752
0.853,50,0.8755
0.854,10,0.8507
0.854,10.5,0.851
0.854,11,0.8514
0.854,11.5,0.8517
0.854,12,0.852
0.854,12.5,0.8523
0.854,13,0.8527
0.854,13.5,0.853
0.854,14,0.8533
0.854,14.5,0.8537
0.854,15,0.854
0.854,15.5,0.8543
0.854,16,0.8547
0.854,16.5,0.855
0.854,17,0.8553
0.854,17.5,0.8556
0.854,18,0.856
0.854,18.5,0.8563
0.854,19,0.8566
0.854,19.5,0.857
0.854,20,0.8573
0.854,20.5,0.8576
0.854,21,0.8579
0.854,21.5,0.8583
0.854,22,0.8586
0.854,22.5,0.8589
0.854,23,0.8592
0.854,23.5,0.8596
0.854,24,0.8599
0.854,24.5,0.8602
0.854,25,0.8606
0.854,25.5,0.8609
0.854,26,0.8612
0.854,26.5,0.8615
0.854,27,0.8518
0.854,27.5,0.8622
0.854,28,0.8625
0.854,28.5,0.8628
0.854,29,0.8631
0.854,29.5,0.8635
0.854,30,0.8638
0.854,30.5,0.8641
0.854,31,0.8644
0.854,31.5,0.8648
0.854,32,0.8651
0.854,32.5,0.8654
0.854,33,0.8657
0.854,33.5,0.866
0.854,34,0.8664
0.854,34.5,0.8667
0.854,35,0.867
0.854,35.5,0.8673
0.854,36,0.8676
0.854,36.5,0.868
0.854,37,0.8683
0.854,37.5,0.8686
0.854,38,0.8689
0.854,38.5,0.8693
0.854,39,0.8696
0.854,39.5,0.8699
0.854,40,0.8702
0.854,40.5,0.8705
0.854,41,0.8708
0.854,41.5,0.8711
0.854,42,0.8715
0.854,42.5,0.8718
0.854,43,0.8721
0.854,43.5,0.8724
0.854,44,0.8727
0.854,44.5,0.873
0.854,45,0.8734
0.854,45.5,0.8737
0.854,46,0.874
0.854,46.5,0.8743
0.854,47,0.8746
0.854,47.5,0.8749
0.854,48,0.8753
0.854,48.5,0.8756
0.854,49,0.8759
0.854,49.5,0.8762
0.854,50,0.8765
0.855,10,0.8517
0.855,10.5,0.852
0.855,11,0.8524
0.855,11.5,0.8527
0.855,12,0.853
0.855,12.5,0.8534
0.855,13,0.8537
0.855,13.5,0.854
0.855,14,0.8543
0.855,14.5,0.8547
0.855,15,0.855
0.855,15.5,0.8553
0.855,16,0.8557
0.855,16.5,0.856
0.855,17,0.8563
0.855,17.5,0.8566
0.855,18,0.857
0.855,18.5,0.8573
0.855,19,0.8576
0.855,19.5,0.858
0.855,20,0.8583
0.855,20.5,0.8586
0.855,21,0.8589
0.855,21.5,0.8593
0.855,22,0.8596
0.855,22.5,0.8599
0.855,23,0.8602
0.855,23.5,0.8606
0.855,24,0.8609
0.855,24.5,0.8612
0.855,25,0.8615
0.855,25.5,0.8619
0.855,26,0.8622
0.855,26.5,0.8625
0.855,27,0.8528
0.855,27.5,0.8632
0.855,28,0.8635
0.855,28.5,0.8638
0.855,29,0.8641
0.855,29.5,0.8645
0.855,30,0.8648
0.855,30.5,0.8651
0.855,31,0.8654
0.855,31.5,0.8657
0.855,32,0.8661
0.855,32.5,0.8664
0.855,33,0.8667
0.855,33.5,0.867
0.855,34,0.8674
0.855,34.5,0.8677
0.855,35,0.868
0.855,35.5,0.8683
0.855,36,0.8686
0.855,36.5,0.869
0.855,37,0.8693
0.855,37.5,0.8696
0.855,38,0.8699
0.855,38.5,0.8702
0.855,39,0.8705
0.855,39.5,0.8709
0.855,40,0.8712
0.855,40.5,0.8715
0.855,41,0.8718
0.855,41.5,0.8721
0.855,42,0.8724
0.855,42.5,0.8728
0.855,43,0.8731
0.855,43.5,0.8734
0.855,44,0.8737
0.855,44.5,0.874
0.855,45,0.8743
0.855,45.5,0.8747
0.855,46,0.875
0.855,46.5,0.8753
0.855,47,0.8756
0.855,47.5,0.8759
0.855,48,0.8762
0.855,48.5,0.8766
0.855,49,0.8769
0.855,49.5,0.8772
0.855,50,0.8775
0.856,10,0.8527
0.856,10.5,0.853
0.856,11,0.8534
0.856,11.5,0.8537
0.856,12,0.854
0.856,12.5,0.8544
0.856,13,0.8547
0.856,13.5,0.855
0.856,14,0.8553
0.856,14.5,0.8557
0.856,15,0.856
0.856,15.5,0.8563
0.856,16,0.8567
0.856,16.5,0.857
0.856,17,0.8573
0.856,17.5,0.8576
0.856,18,0.858
0.856,18.5,0.8583
0.856,19,0.8586
0.856,19.5,0.859
0.856,20,0.8593
0.856,20.5,0.8596
0.856,21,0.8599
0.856,21.5,0.8603
0.856,22,0.8606
0.856,22.5,0.8609
0.856,23,0.8612
0.856,23.5,0.8616
0.856,24,0.8619
0.856,24.5,0.8622
0.856,25,0.8625
0.856,25.5,0.8629
0.856,26,0.8632
0.856,26.5,0.8635
0.856,27,0.8538
0.856,27.5,0.8642
0.856,28,0.8645
0.856,28.5,0.8648
0.856,29,0.8651
0.856,29.5,0.8655
0.856,30,0.8658
0.856,30.5,0.8661
0.856,31,0.8664
0.856,31.5,0.8667
0.856,32,0.8671
0.856,32.5,0.8674
0.856,33,0.8677
0.856,33.5,0.868
0.856,34,0.8683
0.856,34.5,0.8687
0.856,35,0.869
0.856,35.5,0.8693
0.856,36,0.8696
0.856,36.5,0.8699
0.856,37,0.8703
0.856,37.5,0.8706
0.856,38,0.8709
0.856,38.5,0.8712
0.856,39,0.8715
0.856,39.5,0.8718
0.856,40,0.8722
0.856,40.5,0.8725
0.856,41,0.8728
0.856,41.5,0.8731
0.856,42,0.8734
0.856,42.5,0.8737
0.856,43,0.8741
0.856,43.5,0.8744
0.856,44,0.8747
0.856,44.5,0.875
0.856,45,0.8753
0.856,45.5,0.8757
0.856,46,0.876
0.856,46.5,0.8763
0.856,47,0.8766
0.856,47.5,0.8769
0.856,48,0.8772
0.856,48.5,0.8775
0.856,49,0.8779
0.856,49.5,0.8782
0.856,50,0.8785
0.857,10,0.8537
0.857,10.5,0.854
0.857,11,0.8544
0.857,11.5,0.8547
0.857,12,0.855
0.857,12.5,0.8554
0.857,13,0.8557
0.857,13.5,0.856
0.857,14,0.8563
0.857,14.5,0.8567
0.857,15,0.857
0.857,15.5,0.8573
0.857,16,0.8577
0.857,16.5,0.858
0.857,17,0.8583
0.857,17.5,0.8586
0.857,18,0.859
0.857,18.5,0.8593
0.857,19,0.8596
0.857,19.5,0.86
0.857,20,0.8603
0.857,20.5,0.8606
0.857,21,0.8609
0.857,21.5,0.8613
0.857,22,0.8616
0.857,22.5,0.8619
0.857,23,0.8622
0.857,23.5,0.8626
0.857,24,0.8629
0.857,24.5,0.8632
0.857,25,0.8635
0.857,25.5,0.8639
0.857,26,0.8642
0.857,26.5,0.8645
0.857,27,0.8548
0.857,27.5,0.8652
0.857,28,0.8655
0.857,28.5,0.8658
0.857,29,0.8661
0.857,29.5,0.8664
0.857,30,0.8668
0.857,30.5,0.8671
0.857,31,0.8674
0.857,31.5,0.8677
0.857,32,0.8681
0.857,32.5,0.8684
0.857,33,0.8687
0.857,33.5,0.869
0.857,34,0.8693
0.857,34.5,0.8697
0.857,35,0.87
0.857,35.5,0.8703
0.857,36,0.8706
0.857,36.5,0.8709
0.857,37,0.8712
0.857,37.5,0.8716
0.857,38,0.8719
0.857,38.5,0.8722
0.857,39,0.8725
0.857,39.5,0.8728
0.857,40,0.8732
0.857,40.5,0.8735
0.857,41,0.8738
0.857,41.5,0.8741
0.857,42,0.8744
0.857,42.5,0.8747
0.857,43,0.8751
0.857,43.5,0.8754
0.857,44,0.8757
0.857,44.5,0.876
0.857,45,0.8763
0.857,45.5,0.8766
0.857,46,0.877
0.857,46.5,0.8773
0.857,47,0.8776
0.857,47.5,0.8779
0.857,48,0.8782
0.857,48.5,0.8785
0.857,49,0.8789
0.857,49.5,0.8792
0.857,50,0.8795
0.858,10,0.8547
0.858,10.5,0.855
0.858,11,0.8554
0.858,11.5,0.8557
0.858,12,0.856
0.858,12.5,0.8564
0.858,13,0.8567
0.858,13.5,0.857
0.858,14,0.8573
0.858,14.5,0.8577
0.858,15,0.858
0.858,15.5,0.8583
0.858,16,0.8587
0.858,16.5,0.859
0.858,17,0.8593
0.858,17.5,0.8596
0.858,18,0.86
0.858,18.5,0.8603
0.858,19,0.8606
0.858,19.5,0.861
0.858,20,0.8613
0.858,20.5,0.8616
0.858,21,0.8619
0.858,21.5,0.8623
0.858,22,0.8626
0.858,22.5,0.8629
0.858,23,0.8632
0.858,23.5,0.8636
0.858,24,0.8639
0.858,24.5,0.8642
0.858,25,0.8645
0.858,25.5,0.8649
0.858,26,0.8652
0.858,26.5,0.8655
0.858,27,0.8558
0.858,27.5,0.8661
0.858,28,0.8665
0.858,28.5,0.8668
0.858,29,0.8671
0.858,29.5,0.8674
0.858,30,0.8678
0.858,30.5,0.8681
0.858,31,0.8684
0.858,31.5,0.8687
0.858,32,0.869
0.858,32.5,0.8694
0.858,33,0.8697
0.858,33.5,0.87
0.858,34,0.8703
0.858,34.5,0.8706
0.858,35,0.871
0.858,35.5,0.8713
0.858,36,0.8716
0.858,36.5,0.8719
0.858,37,0.8722
0.858,37.5,0.8726
0.858,38,0.8729
0.858,38.5,0.8732
0.858,39,0.8735
0.858,39.5,0.8738
0.858,40,0.8741
0.858,40.5,0.8745
0.858,41,0.8748
0.858,41.5,0.8751
0.858,42,0.8754
0.858,42.5,0.8757
0.858,43,0.876
0.858,43.5,0.8764
0.858,44,0.8767
0.858,44.5,0.877
0.858,45,0.8773
0.858,45.5,0.8776
0.858,46,0.8779
0.858,46.5,0.8783
0.858,47,0.8786
0.858,47.5,0.8789
0.858,48,0.8792
0.858,48.5,0.8795
0.858,49,0.8798
0.858,49.5,0.8802
0.858,50,0.8805
0.859,10,0.8557
0.859,10.5,0.856
0.859,11,0.8564
0.859,11.5,0.8567
0.859,12,0.857
0.859,12.5,0.8574
0.859,13,0.8577
0.859,13.5,0.858
0.859,14,0.8583
0.859,14.5,0.8587
0.859,15,0.859
0.859,15.5,0.8593
0.859,16,0.8597
0.859,16.5,0.86
0.859,17,0.8603
0.859,17.5,0.8606
0.859,18,0.861
0.859,18.5,0.8613
0.859,19,0.8616
0.859,19.5,0.8619
0.859,20,0.8623
0.859,20.5,0.8626
0.859,21,0.8629
0.859,21.5,0.8633
0.859,22,0.8636
0.859,22.5,0.8639
0.859,23,0.8642
0.859,23.5,0.8646
0.859,24,0.8649
0.859,24.5,0.8652
0.859,25,0.8655
0.859,25.5,0.8658
0.859,26,0.8662
0.859,26.5,0.8665
0.859,27,0.8568
0.859,27.5,0.8671
0.859,28,0.8675
0.859,28.5,0.8678
0.859,29,0.8681
0.859,29.5,0.8684
0.859,30,0.8687
0.859,30.5,0.8691
0.859,31,0.8694
0.859,31.5,0.8697
0.859,32,0.87
0.859,32.5,0.8704
0.859,33,0.8707
0.859,33.5,0.871
0.859,34,0.8713
0.859,34.5,0.8716
0.859,35,0.8719
0.859,35.5,0.8723
0.859,36,0.8726
0.859,36.5,0.8729
0.859,37,0.8732
0.859,37.5,0.8735
0.859,38,0.8739
0.859,38.5,0.8742
0.859,39,0.8745
0.859,39.5,0.8748
0.859,40,0.8751
0.859,40.5,0.8755
0.859,41,0.8758
0.859,41.5,0.8761
0.859,42,0.8764
0.859,42.5,0.8767
0.859,43,0.877
0.859,43.5,0.8774
0.859,44,0.8777
0.859,44.5,0.878
0.859,45,0.8783
0.859,45.5,0.8786
0.859,46,0.8789
0.859,46.5,0.8793
0.859,47,0.8796
0.859,47.5,0.8799
0.859,48,0.8802
0.859,48.5,0.8805
0.859,49,0.8808
0.859,49.5,0.8811
0.859,50,0.8815
0.86,10,0.8567
0.86,10.5,0.857
0.86,11,0.8574
0.86,11.5,0.8577
0.86,12,0.858
0.86,12.5,0.8584
0.86,13,0.8587
0.86,13.5,0.859
0.86,14,0.8593
0.86,14.5,0.8597
0.86,15,0.86
0.86,15.5,0.8603
0.86,16,0.8607
0.86,16.5,0.861
0.86,17,0.8613
0.86,17.5,0.8616
0.86,18,0.862
0.86,18.5,0.8623
0.86,19,0.8626
0.86,19.5,0.8629
0.86,20,0.8633
0.86,20.5,0.8636
0.86,21,0.8639
0.86,21.5,0.8642
0.86,22,0.8646
0.86,22.5,0.8649
0.86,23,0.8652
0.86,23.5,0.8655
0.86,24,0.8659
0.86,24.5,0.8662
0.86,25,0.9064
0.86,25.5,0.9067
0.86,26,0.907
0.86,26.5,0.9073
0.86,27,0.9077
0.86,27.5,0.908
0.86,28,0.9083
0.86,28.5,0.9086
0.86,29,0.9089
0.86,29.5,0.9092
0.86,30,0.9096
0.86,30.5,0.9099
0.86,31,0.9102
0.86,31.5,0.9105
0.86,32,0.9108
0.86,32.5,0.9111
0.86,33,0.9114
0.86,33.5,0.9118
0.86,34,0.9121
0.86,34.5,0.9124
0.86,35,0.9127
0.86,35.5,0.913
0.86,36,0.9133
0.86,36.5,0.9137
0.86,37,0.914
0.86,37.5,0.9143
0.86,38,0.9146
0.86,38.5,0.9149
0.86,39,0.9152
0.86,39.5,0.9155
0.86,40,0.9159
0.86,40.5,0.9162
0.86,41,0.9165
0.86,41.5,0.9168
0.86,42,0.9171
0.86,42.5,0.9174
0.86,43,0.9177
0.86,43.5,0.918
0.86,44,0.9184
0.86,44.5,0.9187
0.86,45,0.919
0.86,45.5,0.9193
0.86,46,0.9196
0.86,46.5,0.9199
0.86,47,0.9202
0.86,47.5,0.9205
0.86,48,0.9208
0.86,48.5,0.9212
0.86,49,0.9215
0.86,49.5,0.9218
0.86,50,0.9221
0.861,10,0.8577
0.861,10.5,0.858
0.861,11,0.8584
0.861,11.5,0.8587
0.861,12,0.859
0.861,12.5,0.8594
0.861,13,0.8597
0.861,13.5,0.86
0.861,14,0.8603
0.861,14.5,0.8607
0.861,15,0.861
0.861,15.5,0.8613
0.861,16,0.8617
0.861,16.5,0.862
0.861,17,0.8623
0.861,17.5,0.8626
0.861,18,0.863
0.861,18.5,0.8633
0.861,19,0.8636
0.861,19.5,0.8639
0.861,20,0.8643
0.861,20.5,0.8646
0.861,21,0.8649
0.861,21.5,0.8652
0.861,22,0.8656
0.861,22.5,0.8659
0.861,23,0.8662
0.861,23.5,0.8665
0.861,24,0.8669
0.861,24.5,0.8672
0.861,25,0.9074
0.861,25.5,0.9077
0.861,26,0.908
0.861,26.5,0.9083
0.861,27,0.9087
0.861,27.5,0.909
0.861,28,0.9093
0.861,28.5,0.9096
0.861,29,0.9099
0.861,29.5,0.9102
0.861,30,0.9106
0.861,30.5,0.9109
0.861,31,0.9112
0.861,31.5,0.9115
0.861,32,0.9118
0.861,32.5,0.9121
0.861,33,0.9124
0.861,33.5,0.9128
0.861,34,0.9131
0.861,34.5,0.9134
0.861,35,0.9137
0.861,35.5,0.914
0.861,36,0.9143
0.861,36.5,0.9147
0.861,37,0.915
0.861,37.5,0.9153
0.861,38,0.9156
0.861,38.5,0.9159
0.861,39,0.9162
0.861,39.5,0.9165
0.861,40,0.9169
0.861,40.5,0.9172
0.861,41,0.9175
0.861,41.5,0.9178
0.861,42,0.9181
0.861,42.5,0.9184
0.861,43,0.9187
0.861,43.5,0.919
0.861,44,0.9194
0.861,44.5,0.9197
0.861,45,0.92
0.861,45.5,0.9203
0.861,46,0.9206
0.861,46.5,0.9209
0.861,47,0.9212
0.861,47.5,0.9215
0.861,48,0.9218
0.861,48.5,0.9222
0.861,49,0.9225
0.861,49.5,0.9228
0.861,50,0.9231
0.862,10,0.8587
0.862,10.5,0.859
0.862,11,0.8594
0.862,11.5,0.8597
0.862,12,0.86
0.862,12.5,0.8604
0.862,13,0.8607
0.862,13.5,0.861
0.862,14,0.8613
0.862,14.5,0.8617
0.862,15,0.862
0.862,15.5,0.8623
0.862,16,0.8627
0.862,16.5,0.863
0.862,17,0.8633
0.862,17.5,0.8636
0.862,18,0.864
0.862,18.5,0.8643
0.862,19,0.8646
0.862,19.5,0.8649
0.862,20,0.8653
0.862,20.5,0.8656
0.862,21,0.8659
0.862,21.5,0.8662
0.862,22,0.8666
0.862,22.5,0.8669
0.862,23,0.8672
0.862,23.5,0.8675
0.862,24,0.8679
0.862,24.5,0.8682
0.862,25,0.9084
0.862,25.5,0.9087
0.862,26,0.909
0.862,26.5,0.9093
0.862,27,0.9096
0.862,27.5,0.91
0.862,28,0.9103
0.862,28.5,0.9106
0.862,29,0.9109
0.862,29.5,0.9112
0.862,30,0.9116
0.862,30.5,0.9119
0.862,31,0.9122
0.862,31.5,0.9125
0.862,32,0.9128
0.862,32.5,0.9131
0.862,33,0.9134
0.862,33.5,0.9138
0.862,34,0.9141
0.862,34.5,0.9144
0.862,35,0.9147
0.862,35.5,0.915
0.862,36,0.9153
0.862,36.5,0.9157
0.862,37,0.916
0.862,37.5,0.9163
0.862,38,0.9166
0.862,38.5,0.9169
0.862,39,0.9172
0.862,39.5,0.9175
0.862,40,0.9178
0.862,40.5,0.9182
0.862,41,0.9185
0.862,41.5,0.9188
0.862,42,0.9191
0.862,42.5,0.9194
0.862,43,0.9197
0.862,43.5,0.92
0.862,44,0.9203
0.862,44.5,0.9207
0.862,45,0.921
0.862,45.5,0.9213
0.862,46,0.9216
0.862,46.5,0.9219
0.862,47,0.9222
0.862,47.5,0.9225
0.862,48,0.9228
0.862,48.5,0.9231
0.862,49,0.9235
0.862,49.5,0.9238
0.862,50,0.9241
0.863,10,0.8597
0.863,10.5,0.86
0.863,11,0.8604
0.863,11.5,0.8607
0.863,12,0.861
0.863,12.5,0.8614
0.863,13,0.8617
0.863,13.5,0.862
0.863,14,0.8623
0.863,14.5,0.8627
0.863,15,0.863
0.863,15.5,0.8633
0.863,16,0.8637
0.863,16.5,0.864
0.863,17,0.8643
0.863,17.5,0.8646
0.863,18,0.865
0.863,18.5,0.8653
0.863,19,0.8656
0.863,19.5,0.8659
0.863,20,0.8663
0.863,20.5,0.8666
0.863,21,0.8669
0.863,21.5,0.8672
0.863,22,0.8676
0.863,22.5,0.8679
0.863,23,0.8682
0.863,23.5,0.8685
0.863,24,0.8688
0.863,24.5,0.8692
0.863,25,0.9094
0.863,25.5,0.9097
0.863,26,0.91
0.863,26.5,0.9103
0.863,27,0.9106
0.863,27.5,0.911
0.863,28,0.9113
0.863,28.5,0.9116
0.863,29,0.9119
0.863,29.5,0.9122
0.863,30,0.9125
0.863,30.5,0.9129
0.863,31,0.9132
0.863,31.5,0.9135
0.863,32,0.9138
0.863,32.5,0.9141
0.863,33,0.9144
0.863,33.5,0.9148
0.863,34,0.9151
0.863,34.5,0.9154
0.863,35,0.9157
0.863,35.5,0.916
0.863,36,0.9163
0.863,36.5,0.9166
0.863,37,0.917
0.863,37.5,0.9173
0.863,38,0.9176
0.863,38.5,0.9179
0.863,39,0.9182
0.863,39.5,0.9185
0.863,40,0.9188
0.863,40.5,0.9192
0.863,41,0.9195
0.863,41.5,0.9198
0.863,42,0.9201
0.863,42.5,0.9204
0.863,43,0.9207
0.863,43.5,0.921
0.863,44,0.9213
0.863,44.5,0.9217
0.863,45,0.922
0.863,45.5,0.9223
0.863,46,0.9226
0.863,46.5,0.9229
0.863,47,0.9232
0.863,47.5,0.9235
0.863,48,0.9238
0.863,48.5,0.9241
0.863,49,0.9245
0.863,49.5,0.9248
0.863,50,0.9251
0.864,10,0.8607
0.864,10.5,0.861
0.864,11,0.8614
0.864,11.5,0.8617
0.864,12,0.862
0.864,12.5,0.8624
0.864,13,0.8627
0.864,13.5,0.863
0.864,14,0.8633
0.864,14.5,0.8637
0.864,15,0.864
0.864,15.5,0.8643
0.864,16,0.8647
0.864,16.5,0.865
0.864,17,0.8653
0.864,17.5,0.8656
0.864,18,0.866
0.864,18.5,0.8663
0.864,19,0.8666
0.864,19.5,0.8669
0.864,20,0.8673
0.864,20.5,0.8676
0.864,21,0.8679
0.864,21.5,0.8682
0.864,22,0.8686
0.864,22.5,0.8689
0.864,23,0.8692
0.864,23.5,0.8695
0.864,24,0.8699
0.864,24.5,0.8702
0.864,25,0.9104
0.864,25.5,0.9107
0.864,26,0.911
0.864,26.5,0.9113
0.864,27,0.9116
0.864,27.5,0.912
0.864,28,0.9123
0.864,28.5,0.9126
0.864,29,0.9129
0.864,29.5,0.9132
0.864,30,0.9135
0.864,30.5,0.9139
0.864,31,0.9142
0.864,31.5,0.9145
0.864,32,0.9148
0.864,32.5,0.9151
0.864,33,0.9154
0.864,33.5,0.9158
0.864,34,0.9161
0.864,34.5,0.9164
0.864,35,0.9167
0.864,35.5,0.917
0.864,36,0.9173
0.864,36.5,0.9176
0.864,37,0.918
0.864,37.5,0.9183
0.864,38,0.9186
0.864,38.5,0.9189
0.864,39,0.9192
0.864,39.5,0.9195
0.864,40,0.9198
0.864,40.5,0.9202
0.864,41,0.9205
0.864,41.5,0.9208
0.864,42,0.9211
0.864,42.5,0.9214
0.864,43,0.9217
0.864,43.5,0.922
0.864,44,0.9223
0.864,44.5,0.9227
0.864,45,0.923
0.864,45.5,0.9233
0.864,46,0.9236
0.864,46.5,0.9239
0.864,47,0.9242
0.864,47.5,0.9245
0.864,48,0.9248
0.864,48.5,0.9251
0.864,49,0.9255
0.864,49.5,0.9258
0.864,50,0.9261
0.865,10,0.8617
0.865,10.5,0.862
0.865,11,0.8624
0.865,11.5,0.8627
0.865,12,0.863
0.865,12.5,0.8634
0.865,13,0.8637
0.865,13.5,0.864
0.865,14,0.8643
0.865,14.5,0.8647
0.865,15,0.865
0.865,15.5,0.8653
0.865,16,0.8657
0.865,16.5,0.866
0.865,17,0.8663
0.865,17.5,0.8666
0.865,18,0.867
0.865,18.5,0.8673
0.865,19,0.8676
0.865,19.5,0.8679
0.865,20,0.8683
0.865,20.5,0.8686
0.865,21,0.8689
0.865,21.5,0.8692
0.865,22,0.8696
0.865,22.5,0.8699
0.865,23,0.8702
0.865,23.5,0.8705
0.865,24,0.8708
0.865,24.5,0.8712
0.865,25,0.9114
0.865,25.5,0.9117
0.865,26,0.912
0.865,26.5,0.9123
0.865,27,0.9126
0.865,27.5,0.913
0.865,28,0.9133
0.865,28.5,0.9136
0.865,29,0.9139
0.865,29.5,0.9142
0.865,30,0.9145
0.865,30.5,0.9149
0.865,31,0.9152
0.865,31.5,0.9155
0.865,32,0.9158
0.865,32.5,0.9161
0.865,33,0.9164
0.865,33.5,0.9168
0.865,34,0.9171
0.865,34.5,0.9174
0.865,35,0.9177
0.865,35.5,0.918
0.865,36,0.9183
0.865,36.5,0.9186
0.865,37,0.919
0.865,37.5,0.9193
0.865,38,0.9196
0.865,38.5,0.9199
0.865,39,0.9202
0.865,39.5,0.9205
0.865,40,0.9208
0.865,40.5,0.9212
0.865,41,0.9215
0.865,41.5,0.9218
0.865,42,0.9221
0.865,42.5,0.9224
0.865,43,0.9227
0.865,43.5,0.923
0.865,44,0.9233
0.865,44.5,0.9236
0.865,45,0.924
0.865,45.5,0.9243
0.865,46,0.9246
0.865,46.5,0.9249
0.865,47,0.9252
0.865,47.5,0.9255
0.865,48,0.9258
0.865,48.5,0.9261
0.865,49,0.9264
0.865,49.5,0.9268
0.865,50,0.9271
0.866,10,0.8627
0.866,10.5,0.8631
0.866,11,0.8634
0.866,11.5,0.8637
0.866,12,0.864
0.866,12.5,0.8644
0.866,13,0.8647
0.866,13.5,0.865
0.866,14,0.8653
0.866,14.5,0.8657
0.866,15,0.866
0.866,15.5,0.8663
0.866,16,0.8667
0.866,16.5,0.867
0.866,17,0.8673
0.866,17.5,0.8676
0.866,18,0.868
0.866,18.5,0.8683
0.866,19,0.8686
0.866,19.5,0.8689
0.866,20,0.8693
0.866,20.5,0.8696
0.866,21,0.8699
0.866,21.5,0.8702
0.866,22,0.8706
0.866,22.5,0.8709
0.866,23,0.8712
0.866,23.5,0.8715
0.866,24,0.8718
0.866,24.5,0.8722
0.866,25,0.9124
0.866,25.5,0.9127
0.866,26,0.913
0.866,26.5,0.9133
0.866,27,0.9136
0.866,27.5,0.914
0.866,28,0.9143
0.866,28.5,0.9146
0.866,29,0.9149
0.866,29.5,0.9152
0.866,30,0.9155
0.866,30.5,0.9159
0.866,31,0.9162
0.866,31.5,0.9165
0.866,32,0.9168
0.866,32.5,0.9171
0.866,33,0.9174
0.866,33.5,0.9178
0.866,34,0.9181
0.866,34.5,0.9184
0.866,35,0.9187
0.866,35.5,0.919
0.866,36,0.9193
0.866,36.5,0.9196
0.866,37,0.92
0.866,37.5,0.9203
0.866,38,0.9206
0.866,38.5,0.9209
0.866,39,0.9212
0.866,39.5,0.9215
0.866,40,0.9218
0.866,40.5,0.9221
0.866,41,0.9225
0.866,41.5,0.9228
0.866,42,0.9231
0.866,42.5,0.9234
0.866,43,0.9237
0.866,43.5,0.924
0.866,44,0.9243
0.866,44.5,0.9246
0.866,45,0.925
0.866,45.5,0.9253
0.866,46,0.9256
0.866,46.5,0.9259
0.866,47,0.9262
0.866,47.5,0.9265
0.866,48,0.9268
0.866,48.5,0.9271
0.866,49,0.9274
0.866,49.5,0.9278
0.866,50,0.9281
0.867,10,0.8637
0.867,10.5,0.8641
0.867,11,0.8644
0.867,11.5,0.8647
0.867,12,0.865
0.867,12.5,0.8654
0.867,13,0.8657
0.867,13.5,0.866
0.867,14,0.8663
0.867,14.5,0.8667
0.867,15,0.867
0.867,15.5,0.8673
0.867,16,0.8677
0.867,16.5,0.868
0.867,17,0.8683
0.867,17.5,0.8686
0.867,18,0.869
0.867,18.5,0.8693
0.867,19,0.8696
0.867,19.5,0.8699
0.867,20,0.8703
0.867,20.5,0.8706
0.867,21,0.8709
0.867,21.5,0.8712
0.867,22,0.8715
0.867,22.5,0.8719
0.867,23,0.8722
0.867,23.5,0.8725
0.867,24,0.8728
0.867,24.5,0.8732
0.867,25,0.9134
0.867,25.5,0.9137
0.867,26,0.914
0.867,26.5,0.9143
0.867,27,0.9146
0.867,27.5,0.915
0.867,28,0.9153
0.867,28.5,0.9156
0.867,29,0.9159
0.867,29.5,0.9162
0.867,30,0.9165
0.867,30.5,0.9169
0.867,31,0.9172
0.867,31.5,0.9175
0.867,32,0.9178
0.867,32.5,0.9181
0.867,33,0.9184
0.867,33.5,0.9188
0.867,34,0.9191
0.867,34.5,0.9194
0.867,35,0.9197
0.867,35.5,0.92
0.867,36,0.9203
0.867,36.5,0.9206
0.867,37,0.921
0.867,37.5,0.9213
0.867,38,0.9216
0.867,38.5,0.9219
0.867,39,0.9222
0.867,39.5,0.9225
0.867,40,0.9228
0.867,40.5,0.9231
0.867,41,0.9235
0.867,41.5,0.9238
0.867,42,0.9241
0.867,42.5,0.9244
0.867,43,0.9247
0.867,43.5,0.925
0.867,44,0.9253
0.867,44.5,0.9256
0.867,45,0.926
0.867,45.5,0.9263
0.867,46,0.9266
0.867,46.5,0.9269
0.867,47,0.9272
0.867,47.5,0.9275
0.867,48,0.9278
0.867,48.5,0.9281
0.867,49,0.9284
0.867,49.5,0.9287
0.867,50,0.9291
0.868,10,0.8647
0.868,10.5,0.8651
0.868,11,0.8654
0.868,11.5,0.8657
0.868,12,0.866
0.868,12.5,0.8664
0.868,13,0.8667
0.868,13.5,0.867
0.868,14,0.8673
0.868,14.5,0.8677
0.868,15,0.868
0.868,15.5,0.8683
0.868,16,0.8687
0.868,16.5,0.869
0.868,17,0.8693
0.868,17.5,0.8696
0.868,18,0.87
0.868,18.5,0.8703
0.868,19,0.8706
0.868,19.5,0.8709
0.868,20,0.8713
0.868,20.5,0.8716
0.868,21,0.8719
0.868,21.5,0.8722
0.868,22,0.8725
0.868,22.5,0.8729
0.868,23,0.8732
0.868,23.5,0.8735
0.868,24,0.8738
0.868,24.5,0.8742
0.868,25,0.9144
0.868,25.5,0.9147
0.868,26,0.915
0.868,26.5,0.9153
0.868,27,0.9156
0.868,27.5,0.916
0.868,28,0.9163
0.868,28.5,0.9166
0.868,29,0.9169
0.868,29.5,0.9172
0.868,30,0.9175
0.868,30.5,0.9179
0.868,31,0.9182
0.868,31.5,0.9185
0.868,32,0.9188
0.868,32.5,0.9191
0.868,33,0.9194
0.868,33.5,0.9197
0.868,34,0.9201
0.868,34.5,0.9204
0.868,35,0.9207
0.868,35.5,0.921
0.868,36,0.9213
0.868,36.5,0.9216
0.868,37,0.9219
0.868,37.5,0.9223
0.868,38,0.9226
0.868,38.5,0.9229
0.868,39,0.9232
0.868,39.5,0.9235
0.868,40,0.9238
0.868,40.5,0.9241
0.868,41,0.9245
0.868,41.5,0.9248
0.868,42,0.9251
0.868,42.5,0.9254
0.868,43,0.9257
0.868,43.5,0.926
0.868,44,0.9263
0.868,44.5,0.9266
0.868,45,0.9269
0.868,45.5,0.9273
0.868,46,0.9276
0.868,46.5,0.9279
0.868,47,0.9282
0.868,47.5,0.9285
0.868,48,0.9288
0.868,48.5,0.9291
0.868,49,0.9294
0.868,49.5,0.9297
0.868,50,0.93
0.869,10,0.8657
0.869,10.5,0.8661
0.869,11,0.8664
0.869,11.5,0.8667
0.869,12,0.867
0.869,12.5,0.8674
0.869,13,0.8677
0.869,13.5,0.868
0.869,14,0.8683
0.869,14.5,0.8687
0.869,15,0.869
0.869,15.5,0.8693
0.869,16,0.8697
0.869,16.5,0.87
0.869,17,0.8703
0.869,17.5,0.8706
0.869,18,0.871
0.869,18.5,0.8713
0.869,19,0.8716
0.869,19.5,0.8719
0.869,20,0.8722
0.869,20.5,0.8726
0.869,21,0.8729
0.869,21.5,0.8732
0.869,22,0.8735
0.869,22.5,0.8739
0.869,23,0.8742
0.869,23.5,0.8745
0.869,24,0.8748
0.869,24.5,0.8752
0.869,25,0.9154
0.869,25.5,0.9157
0.869,26,0.916
0.869,26.5,0.9163
0.869,27,0.9166
0.869,27.5,0.917
0.869,28,0.9173
0.869,28.5,0.9176
0.869,29,0.9179
0.869,29.5,0.9182
0.869,30,0.9185
0.869,30.5,0.9189
0.869,31,0.9192
0.869,31.5,0.9195
0.869,32,0.9198
0.869,32.5,0.9201
0.869,33,0.9204
0.869,33.5,0.9207
0.869,34,0.9211
0.869,34.5,0.9214
0.869,35,0.9217
0.869,35.5,0.922
0.869,36,0.9223
0.869,36.5,0.9226
0.869,37,0.9229
0.869,37.5,0.9233
0.869,38,0.9236
0.869,38.5,0.9239
0.869,39,0.9242
0.869,39.5,0.9245
0.869,40,0.9248
0.869,40.5,0.9251
0.869,41,0.9255
0.869,41.5,0.9258
0.869,42,0.9261
0.869,42.5,0.9264
0.869,43,0.9267
0.869,43.5,0.927
0.869,44,0.9273
0.869,44.5,0.9276
0.869,45,0.9279
0.869,45.5,0.9283
0.869,46,0.9286
0.869,46.5,0.9289
0.869,47,0.9292
0.869,47.5,0.9295
0.869,48,0.9298
0.869,48.5,0.9301
0.869,49,0.9304
0.869,49.5,0.9307
0.869,50,0.931
